prescription_id,patient_id,patient_age,patient_gender,drug_name,dosage_mg,frequency,duration_days,prescription_date,refill_count,refill_interval_days,prescribing_doctor,specialty,pharmacy_name,pharmacy_location,insurance_provider,copay_amount,adherence_score,side_effects_reported
RX0000001,P2422,76,Female,Drug_12,10,As needed,192,2026-01-10,5,57,Dr. Tyler,Oncology,Berg-Morgan Pharmacy,Matthewborough,BlueCross,79.98,85.2,No
RX0000002,P5520,89,Male,Drug_29,500,Weekly,326,2024-04-10,3,58,Dr. Harris,Neurology,"Collins, Matthews and Sanchez Pharmacy",Michaelfort,BlueCross,47.74,66.8,No
RX0000003,P7544,48,Female,Drug_5,100,Twice daily,205,2024-03-02,1,77,Dr. Ramos,Pulmonology,"Johnson, Reyes and Perez Pharmacy",West Karen,Cigna,14.79,64.3,Yes
RX0000004,P6785,85,Female,Drug_32,500,As needed,151,2024-10-08,5,87,Dr. Wilson,Neurology,"Acosta, Smith and Allen Pharmacy",Annachester,Medicare,36.61,48.7,No
RX0000005,P7474,21,Male,Drug_60,1000,Once daily,65,2025-06-14,0,50,Dr. Jones,Pulmonology,Jacobson-Rodriguez Pharmacy,South Chloechester,Cigna,20.31,49.4,Yes
RX0000006,P7642,35,Male,Drug_13,1000,As needed,201,2023-10-22,11,41,Dr. Hall,Oncology,Sanchez Group Pharmacy,Sherritown,Medicaid,79.27,87.9,Yes
RX0000007,P4281,80,Male,Drug_40,100,Twice daily,149,2024-10-17,0,51,Dr. Lee,Cardiology,Chavez-Strong Pharmacy,Lake Christie,UnitedHealth,71.55,89.7,Yes
RX0000008,P9482,93,Female,Drug_26,500,Weekly,229,2023-09-11,4,56,Dr. King,Oncology,Hernandez-Harding Pharmacy,Cynthiaberg,UnitedHealth,13.4,73.6,Yes
RX0000009,P1251,69,Male,Drug_12,10,Weekly,106,2024-10-23,5,50,Dr. Guzman,Oncology,Lewis-Abbott Pharmacy,Laurenburgh,UnitedHealth,64.03,57.7,No
RX0000010,P2124,80,Male,Drug_42,500,Twice daily,32,2025-06-15,1,44,Dr. Ramos,Cardiology,Shah-Nolan Pharmacy,New Kimberlyview,Aetna,88.04,96.0,No
RX0000011,P2477,62,Female,Drug_32,20,Twice daily,20,2023-08-21,9,86,Dr. Brown,Neurology,"Rhodes, Phillips and Ramirez Pharmacy",Timothyhaven,UnitedHealth,71.25,77.4,Yes
RX0000012,P5661,29,Male,Drug_7,5,Three times daily,128,2026-01-13,7,47,Dr. David,Psychiatry,"Jones, Smith and Mcgee Pharmacy",Chadberg,UnitedHealth,53.56,87.8,No
RX0000013,P6703,25,Male,Drug_10,200,Once daily,271,2023-09-08,3,39,Dr. Garcia,Pulmonology,Brown and Sons Pharmacy,Jacobside,Medicare,34.63,40.2,No
RX0000014,P6693,39,Male,Drug_35,5,Three times daily,13,2024-12-04,11,51,Dr. Jones,Pulmonology,Coffey and Sons Pharmacy,West Kristen,UnitedHealth,89.27,67.0,No
RX0000015,P5530,58,Male,Drug_50,5,As needed,225,2025-12-27,3,73,Dr. Lopez,Oncology,"Burgess, Perkins and Walker Pharmacy",Kaneberg,UnitedHealth,45.17,92.3,No
RX0000016,P4707,58,Other,Drug_28,5,Twice daily,226,2024-08-09,9,49,Dr. Guzman,Cardiology,Valentine-Lewis Pharmacy,Port Brookefurt,Medicaid,86.26,60.3,No
RX0000017,P4187,74,Male,Drug_14,25,Three times daily,189,2026-08-06,4,48,Dr. Hall,Oncology,Montoya-Conner Pharmacy,Jaredland,Medicaid,79.38,83.6,Yes
RX0000018,P8450,49,Male,Drug_40,25,Once daily,114,2026-04-03,9,57,Dr. Taylor,Oncology,"Butler, Blair and Smith Pharmacy",West Michael,BlueCross,82.54,79.5,No
RX0000019,P7618,72,Female,Drug_42,100,Once daily,353,2023-12-09,3,66,Dr. Jones,Neurology,Bell-Burgess Pharmacy,Lake Richard,Cigna,99.03,49.1,Yes
RX0000020,P1076,23,Female,Drug_7,20,Twice daily,130,2024-03-12,10,79,Dr. Obrien,Pulmonology,Powell LLC Pharmacy,Lake Michael,BlueCross,76.13,86.5,Yes
RX0000021,P5277,56,Male,Drug_59,100,Three times daily,176,2023-11-15,4,80,Dr. Doyle,Psychiatry,Marshall Ltd Pharmacy,Dixonborough,BlueCross,8.23,46.8,No
RX0000022,P3867,26,Female,Drug_29,200,Weekly,263,2023-12-20,9,84,Dr. Watkins,Cardiology,"Walker, Day and Rosales Pharmacy",North Andrestad,Aetna,24.52,83.7,No
RX0000023,P7670,49,Female,Drug_46,5,Twice daily,15,2025-07-24,2,73,Dr. Jimenez,Psychiatry,"Sullivan, Roberts and Kirby Pharmacy",Lake Michaelton,Cigna,8.34,99.5,No
RX0000024,P9294,53,Male,Drug_17,100,As needed,286,2025-07-11,7,30,Dr. Bailey,Cardiology,"Davis, Davis and Steele Pharmacy",Lake Paul,Aetna,23.04,97.5,No
RX0000025,P2744,33,Female,Drug_7,5,Three times daily,131,2025-11-03,5,63,Dr. Doyle,Pulmonology,Gibson Ltd Pharmacy,Williamton,UnitedHealth,10.84,88.0,No
RX0000026,P2185,29,Female,Drug_3,200,Three times daily,168,2026-08-10,7,64,Dr. Campbell,Neurology,Miller-Brooks Pharmacy,Denisefurt,Medicaid,52.65,72.1,No
RX0000027,P9243,58,Female,Drug_5,50,Twice daily,42,2025-09-30,4,55,Dr. Martinez,Psychiatry,Knight-Hernandez Pharmacy,West Christina,UnitedHealth,7.68,80.5,No
RX0000028,P5821,84,Female,Drug_5,25,Three times daily,10,2025-10-07,6,59,Dr. Martin,Cardiology,Woods LLC Pharmacy,West David,Aetna,49.9,83.7,No
RX0000029,P6570,75,Female,Drug_37,5,Three times daily,93,2026-02-10,9,41,Dr. Conway,Oncology,"Krause, Barber and Baker Pharmacy",West Tina,Medicaid,90.39,40.5,No
RX0000030,P2917,26,Female,Drug_47,1000,As needed,270,2025-12-23,6,43,Dr. Obrien,Pulmonology,Thompson-Miller Pharmacy,Zacharystad,BlueCross,76.11,46.1,No
RX0000031,P9409,34,Male,Drug_17,200,As needed,97,2025-04-17,5,68,Dr. Hernandez,Neurology,Kelly Inc Pharmacy,Chapmanside,UnitedHealth,94.68,75.8,Yes
RX0000032,P5222,22,Male,Drug_50,10,Weekly,301,2025-07-20,11,33,Dr. Kelley,Oncology,Mejia-Gregory Pharmacy,South Claudia,Aetna,26.53,40.4,No
RX0000033,P9813,43,Female,Drug_29,25,As needed,64,2023-10-29,9,41,Dr. Gray,Neurology,"Gould, Wolf and Marsh Pharmacy",Lake Jamiemouth,UnitedHealth,55.45,94.5,Yes
RX0000034,P5098,18,Male,Drug_2,25,Weekly,146,2023-10-13,3,53,Dr. Evans,Cardiology,Chan-Robinson Pharmacy,Jonesbury,Cigna,35.27,69.4,No
RX0000035,P8254,18,Female,Drug_58,500,As needed,178,2024-01-28,5,69,Dr. Blevins,Oncology,"Bates, Munoz and Henderson Pharmacy",Lake Sandraport,Aetna,51.91,55.5,Yes
RX0000036,P7178,52,Male,Drug_32,10,Weekly,266,2025-10-15,8,60,Dr. Tyler,Neurology,Lawson Ltd Pharmacy,Joshuaside,Medicaid,57.92,63.6,No
RX0000037,P8923,26,Male,Drug_10,50,As needed,31,2024-12-27,10,30,Dr. Price,Pulmonology,Mendoza-White Pharmacy,North Sandra,Medicare,8.44,91.0,Yes
RX0000038,P4985,55,Female,Drug_42,500,As needed,204,2024-12-17,11,66,Dr. David,Psychiatry,Spence Group Pharmacy,Evansborough,UnitedHealth,27.16,95.6,No
RX0000039,P6565,21,Female,Drug_41,100,Twice daily,73,2024-12-20,3,30,Dr. Anderson,Psychiatry,Morrison-Barker Pharmacy,East Derrick,UnitedHealth,71.95,47.0,Yes
RX0000040,P8517,69,Male,Drug_1,25,As needed,124,2024-07-30,5,44,Dr. Kelly,Oncology,Solis Group Pharmacy,Judithside,Cigna,78.43,86.7,No
RX0000041,P8548,36,Male,Drug_60,50,Weekly,286,2026-01-20,5,42,Dr. King,Pulmonology,"Roberts, Schwartz and Ray Pharmacy",Port Jocelynfort,Medicaid,59.1,74.7,No
RX0000042,P1448,22,Female,Drug_3,10,Twice daily,12,2024-07-14,2,58,Dr. Martinez,Pulmonology,Thomas and Sons Pharmacy,Oliviaburgh,UnitedHealth,30.73,75.1,Yes
RX0000043,P8896,65,Female,Drug_43,50,Weekly,103,2025-08-09,3,84,Dr. Martinez,Neurology,Whitaker PLC Pharmacy,Susanview,Medicare,43.48,86.8,No
RX0000044,P2904,80,Female,Drug_25,20,As needed,78,2025-08-26,2,74,Dr. Garcia,Oncology,Warner Ltd Pharmacy,New Nicole,UnitedHealth,14.12,53.4,No
RX0000045,P5224,55,Male,Drug_18,20,As needed,264,2026-01-03,2,33,Dr. Lee,Pulmonology,Collier and Sons Pharmacy,New Jenniferfort,Cigna,95.55,71.9,No
RX0000046,P2106,69,Male,Drug_10,200,Weekly,44,2025-06-04,9,44,Dr. Brown,Neurology,Wise-Smith Pharmacy,Randyview,Medicare,87.52,59.2,No
RX0000047,P7269,63,Female,Drug_45,20,Three times daily,302,2026-01-10,11,73,Dr. Perry,Pulmonology,"Pugh, Jackson and Green Pharmacy",Smithtown,BlueCross,11.23,45.7,Yes
RX0000048,P4610,26,Female,Drug_22,25,Twice daily,62,2024-12-10,3,69,Dr. Diaz,Oncology,Rodriguez-Edwards Pharmacy,Transhire,BlueCross,20.82,46.3,No
RX0000049,P4767,67,Male,Drug_58,200,Twice daily,109,2025-12-27,3,77,Dr. Davenport,Pulmonology,"Tucker, Rivera and Riley Pharmacy",South Nicoleport,UnitedHealth,60.2,48.2,Yes
RX0000050,P6172,91,Female,Drug_26,20,As needed,109,2024-10-15,5,41,Dr. Kelley,Pulmonology,"Ferguson, Diaz and Foster Pharmacy",North Mirandaland,Aetna,27.08,76.9,Yes
RX0000051,P7757,83,Male,Drug_37,10,Twice daily,222,2023-12-13,3,85,Dr. Hernandez,Pulmonology,Perkins Group Pharmacy,Port Jesseborough,Aetna,93.77,46.3,Yes
RX0000052,P6785,94,Female,Drug_1,200,Weekly,27,2026-08-11,5,54,Dr. Acosta,Psychiatry,"Cox, Martinez and Wilson Pharmacy",Port Jessica,Aetna,76.78,74.2,Yes
RX0000053,P9462,55,Female,Drug_33,50,As needed,121,2024-02-11,1,56,Dr. Kelly,Cardiology,Baker Inc Pharmacy,Kellystad,Aetna,30.96,75.3,No
RX0000054,P9776,44,Male,Drug_46,5,Twice daily,216,2025-10-02,3,35,Dr. Wilson,Oncology,King-Vega Pharmacy,New Timothy,UnitedHealth,5.58,94.2,No
RX0000055,P1159,37,Female,Drug_50,500,Once daily,297,2026-01-05,1,52,Dr. Collins,Psychiatry,"Herrera, Romero and Rivas Pharmacy",Andreton,Medicare,80.95,77.6,No
RX0000056,P5314,79,Male,Drug_32,20,Twice daily,209,2026-01-26,11,44,Dr. Diaz,Cardiology,"Jones, Aguilar and Rojas Pharmacy",Helenbury,Cigna,45.29,99.1,No
RX0000057,P5067,91,Male,Drug_31,200,Weekly,329,2026-08-09,7,68,Dr. Hogan,Pulmonology,"Berger, Green and Fernandez Pharmacy",North Jacquelinemouth,Cigna,66.03,41.9,No
RX0000058,P5706,33,Female,Drug_28,100,Twice daily,194,2025-03-16,11,34,Dr. Morris,Pulmonology,"Howard, Clay and Morgan Pharmacy",Davischester,Aetna,32.26,82.2,Yes
RX0000059,P2523,30,Male,Drug_26,100,Three times daily,157,2026-06-22,8,52,Dr. Lee,Psychiatry,"Ortega, Barnett and Patrick Pharmacy",Millerfort,BlueCross,18.57,41.6,Yes
RX0000060,P7536,37,Female,Drug_55,500,Three times daily,197,2026-08-07,6,44,Dr. Hall,Neurology,Wright PLC Pharmacy,New Markchester,Medicaid,69.15,83.8,No
RX0000061,P6603,41,Male,Drug_47,25,As needed,220,2024-05-03,5,54,Dr. Lee,Oncology,"Baker, Richards and Fernandez Pharmacy",New Dannyshire,Aetna,47.78,63.2,No
RX0000062,P2245,67,Female,Drug_50,25,Three times daily,48,2026-04-10,7,89,Dr. Taylor,Cardiology,Peterson LLC Pharmacy,Lake Deborah,Aetna,27.34,76.7,No
RX0000063,P3924,24,Male,Drug_52,20,Weekly,200,2025-05-07,3,59,Dr. Collins,Pulmonology,Morris-Rodriguez Pharmacy,North Susanshire,UnitedHealth,18.07,58.6,No
RX0000064,P8807,46,Female,Drug_51,5,Once daily,256,2024-10-20,9,73,Dr. Acosta,Oncology,"Lane, Yang and Allen Pharmacy",Josephfurt,BlueCross,60.15,49.5,Yes
RX0000065,P6142,22,Female,Drug_5,20,Once daily,87,2025-08-31,10,72,Dr. King,Pulmonology,Love Group Pharmacy,Thompsonton,Medicaid,73.93,83.4,Yes
RX0000066,P6792,52,Female,Drug_35,5,As needed,47,2025-06-01,1,33,Dr. Davenport,Pulmonology,Stevens Inc Pharmacy,Jeremyton,Medicare,31.97,94.3,No
RX0000067,P4580,82,Female,Drug_15,100,As needed,26,2024-10-13,3,42,Dr. Price,Pulmonology,Holland-Moore Pharmacy,North Lauraville,Medicare,74.84,51.0,No
RX0000068,P5408,87,Male,Drug_1,500,Three times daily,15,2026-02-20,4,79,Dr. David,Oncology,Moreno Ltd Pharmacy,Meghanborough,Medicaid,22.4,95.2,No
RX0000069,P3994,91,Male,Drug_25,20,Weekly,319,2024-06-24,8,69,Dr. King,Psychiatry,"Wolf, Anderson and Williams Pharmacy",Port Colleenberg,Medicaid,37.15,48.4,No
RX0000070,P4115,24,Female,Drug_45,25,Three times daily,130,2026-06-30,4,68,Dr. Hernandez,Oncology,Carr-Ward Pharmacy,Port Timothy,Medicare,75.76,84.1,No
RX0000071,P9175,61,Female,Drug_53,50,Weekly,209,2025-11-02,8,83,Dr. Ramos,Oncology,"Garcia, Thomas and Mccarthy Pharmacy",South Amandashire,Aetna,67.71,97.6,No
RX0000072,P4271,89,Male,Drug_50,200,Weekly,84,2026-06-06,8,52,Dr. Collins,Neurology,Hicks-Stewart Pharmacy,Peterberg,Aetna,30.7,48.8,Yes
RX0000073,P4847,30,Male,Drug_31,100,Once daily,216,2025-04-05,7,89,Dr. Garcia,Neurology,"Dickerson, Mccarthy and Lester Pharmacy",East Samuelshire,UnitedHealth,16.6,66.1,No
RX0000074,P4965,92,Female,Drug_8,10,Weekly,24,2023-10-27,4,45,Dr. Acosta,Psychiatry,"Miller, Mays and Hawkins Pharmacy",Aaronview,BlueCross,9.03,60.2,Yes
RX0000075,P5348,55,Female,Drug_37,200,Twice daily,242,2025-02-23,11,64,Dr. Perry,Neurology,Avery-Flynn Pharmacy,Lake Joshuaburgh,Medicaid,84.6,63.3,Yes
RX0000076,P4387,30,Female,Drug_35,500,Weekly,325,2025-05-09,1,83,Dr. Hall,Psychiatry,"Shaffer, Cooper and Thomas Pharmacy",South Sarah,Aetna,12.14,85.2,No
RX0000077,P4755,71,Male,Drug_60,5,Once daily,206,2023-12-24,4,87,Dr. Jimenez,Pulmonology,"Hernandez, Mcdonald and Young Pharmacy",Smithport,Aetna,15.91,79.7,No
RX0000078,P4322,61,Male,Drug_23,100,Three times daily,355,2024-07-08,10,45,Dr. Santiago,Pulmonology,Mosley-Joseph Pharmacy,Angelicatown,BlueCross,27.58,98.1,No
RX0000079,P5091,30,Male,Drug_22,1000,Weekly,288,2024-08-30,0,77,Dr. Conway,Oncology,"Keller, Fowler and Hansen Pharmacy",New Alicia,Medicaid,47.34,51.1,Yes
RX0000080,P6833,42,Male,Drug_44,200,Twice daily,258,2024-04-05,7,36,Dr. Evans,Pulmonology,Nguyen-Fernandez Pharmacy,Orozcotown,BlueCross,80.03,72.6,No
RX0000081,P3555,41,Female,Drug_20,50,As needed,346,2023-12-30,1,84,Dr. Tyler,Neurology,Jackson-Ford Pharmacy,Lake Karina,BlueCross,28.51,66.9,Yes
RX0000082,P2747,46,Female,Drug_26,1000,Three times daily,245,2024-03-01,6,74,Dr. Brown,Cardiology,"Koch, Nichols and Jensen Pharmacy",South Audrey,Medicare,56.63,95.1,No
RX0000083,P2964,87,Female,Drug_4,10,As needed,275,2024-09-30,10,42,Dr. Tyler,Oncology,"Aguilar, Davis and Smith Pharmacy",New Janiceview,BlueCross,13.59,40.6,No
RX0000084,P2285,35,Male,Drug_41,200,Twice daily,125,2025-09-09,1,82,Dr. Lopez,Psychiatry,"Dean, Walker and Sanchez Pharmacy",Whiteport,Medicaid,49.13,99.4,Yes
RX0000085,P9071,22,Male,Drug_42,1000,Once daily,288,2024-09-19,11,80,Dr. Tyler,Pulmonology,Lee-Lewis Pharmacy,Port Danielchester,Aetna,21.88,68.8,Yes
RX0000086,P1108,35,Female,Drug_6,10,Once daily,343,2023-08-29,10,79,Dr. Acosta,Oncology,Thomas-Hale Pharmacy,Nicolechester,Aetna,25.06,77.5,Yes
RX0000087,P9871,80,Male,Drug_24,100,Three times daily,351,2024-09-02,4,58,Dr. Santiago,Oncology,"Allison, Erickson and Carpenter Pharmacy",South Adamview,Medicare,39.85,61.6,No
RX0000088,P1692,54,Male,Drug_35,1000,Weekly,13,2025-11-04,9,68,Dr. Collins,Oncology,Lopez-Solis Pharmacy,Port Scottburgh,Medicaid,77.33,91.2,No
RX0000089,P8901,88,Female,Drug_55,20,Weekly,279,2026-05-11,6,49,Dr. Garcia,Pulmonology,Turner Ltd Pharmacy,Cooleyside,Aetna,75.68,73.7,No
RX0000090,P7081,72,Female,Drug_22,500,As needed,259,2024-08-15,5,79,Dr. Jones,Psychiatry,Shepherd PLC Pharmacy,Lake Rebecca,BlueCross,44.42,79.8,No
RX0000091,P6167,90,Female,Drug_6,50,Once daily,348,2023-11-19,4,58,Dr. Bailey,Oncology,Cline Group Pharmacy,Wernerfort,Cigna,16.27,78.9,No
RX0000092,P9066,29,Male,Drug_54,200,Weekly,134,2025-10-10,5,85,Dr. Powell,Oncology,May-Barrett Pharmacy,Lake Paulview,Cigna,31.67,61.8,No
RX0000093,P5501,69,Female,Drug_30,20,Weekly,98,2024-10-26,1,47,Dr. Price,Oncology,"Braun, Bradley and Marquez Pharmacy",South Johnstad,Cigna,53.01,44.6,No
RX0000094,P9041,74,Male,Drug_49,500,Once daily,312,2024-03-30,9,51,Dr. Beasley,Pulmonology,Werner-Roy Pharmacy,Kathleenmouth,Cigna,87.59,88.5,No
RX0000095,P3996,63,Female,Drug_50,10,Once daily,12,2025-03-18,0,65,Dr. Hernandez,Neurology,"Taylor, Rubio and Harris Pharmacy",Lake Erin,BlueCross,96.98,57.4,Yes
RX0000096,P9374,61,Female,Drug_19,500,Twice daily,80,2024-12-23,0,70,Dr. David,Psychiatry,Johnson Group Pharmacy,Sophiatown,Aetna,65.56,90.9,No
RX0000097,P5591,41,Female,Drug_42,10,As needed,62,2025-07-06,7,82,Dr. Watkins,Oncology,Clark-Ramos Pharmacy,Moniquetown,Medicare,38.32,76.5,No
RX0000098,P7518,26,Male,Drug_13,200,Once daily,301,2026-04-01,2,77,Dr. Campbell,Oncology,Roach-James Pharmacy,Whitehaven,BlueCross,70.88,61.2,Yes
RX0000099,P4638,29,Female,Drug_12,10,Twice daily,316,2025-03-08,10,65,Dr. Miller,Oncology,Marks-Mccarthy Pharmacy,Port William,Aetna,36.94,75.7,No
RX0000100,P3101,26,Male,Drug_36,200,Once daily,244,2025-05-22,2,37,Dr. Ramos,Pulmonology,"Weeks, Dorsey and Bradley Pharmacy",Larsontown,Medicaid,64.42,78.7,Yes
RX0000101,P1887,39,Male,Drug_3,5,Three times daily,28,2025-10-29,8,32,Dr. King,Neurology,Anderson PLC Pharmacy,Natashaport,Aetna,28.16,82.4,Yes
RX0000102,P9613,34,Male,Drug_25,100,Three times daily,47,2024-04-30,5,58,Dr. Martinez,Oncology,Chang-Williams Pharmacy,Underwoodmouth,Aetna,30.36,89.3,Yes
RX0000103,P7933,50,Female,Drug_43,200,Three times daily,352,2024-04-26,3,38,Dr. Peterson,Oncology,"Clark, Lopez and Hansen Pharmacy",Lake Amberstad,Aetna,12.15,49.6,No
RX0000104,P8836,64,Male,Drug_13,25,Once daily,272,2024-12-30,3,37,Dr. Kelley,Pulmonology,Collins PLC Pharmacy,Kevinburgh,BlueCross,44.91,96.6,No
RX0000105,P9859,32,Female,Drug_20,5,Weekly,264,2026-04-04,6,59,Dr. Patterson,Psychiatry,Davis-Wilcox Pharmacy,Denniston,Aetna,63.73,64.7,Yes
RX0000106,P1533,50,Female,Drug_45,100,Weekly,54,2025-03-13,5,41,Dr. Wilson,Psychiatry,Castro-Flores Pharmacy,Port Robertbury,Aetna,79.94,91.6,Yes
RX0000107,P9232,32,Male,Drug_25,25,Three times daily,304,2025-08-22,1,75,Dr. Martin,Neurology,Olson-Ball Pharmacy,Jackton,Medicaid,81.98,53.2,No
RX0000108,P6689,44,Female,Drug_58,20,As needed,145,2026-01-17,8,57,Dr. Thomas,Psychiatry,Dodson-Ruiz Pharmacy,Port Jonathanfort,Medicaid,99.28,41.7,No
RX0000109,P7450,78,Male,Drug_7,25,Twice daily,208,2026-01-30,1,85,Dr. Garcia,Oncology,Bradley Ltd Pharmacy,Michaelburgh,Cigna,13.34,74.4,No
RX0000110,P3863,85,Male,Drug_41,100,Three times daily,146,2025-06-11,7,71,Dr. Jimenez,Pulmonology,Nelson PLC Pharmacy,New Ronald,UnitedHealth,51.85,59.5,No
RX0000111,P8490,65,Female,Drug_45,50,Twice daily,148,2025-08-26,3,82,Dr. Smith,Oncology,Barton PLC Pharmacy,New Betty,BlueCross,54.53,99.1,No
RX0000112,P2972,25,Female,Drug_23,10,Twice daily,292,2025-08-28,9,78,Dr. Garcia,Oncology,"Wilcox, Harris and Haney Pharmacy",North Meganfurt,Aetna,81.43,46.3,No
RX0000113,P9490,23,Male,Drug_32,10,Three times daily,239,2024-01-16,0,72,Dr. Kelley,Neurology,Green-Holmes Pharmacy,Port Meaganhaven,Cigna,30.3,42.8,Yes
RX0000114,P8537,80,Female,Drug_6,20,Weekly,322,2023-12-29,0,39,Dr. Thomas,Psychiatry,Porter Inc Pharmacy,Philipchester,Cigna,11.59,42.7,Yes
RX0000115,P6171,19,Female,Drug_57,100,As needed,164,2024-05-15,8,42,Dr. Anderson,Psychiatry,"Arroyo, Hudson and Davis Pharmacy",West Dustinchester,BlueCross,34.81,53.0,No
RX0000116,P1137,39,Male,Drug_41,5,Three times daily,44,2026-02-22,3,86,Dr. Santiago,Psychiatry,Jones-Fowler Pharmacy,Weberfurt,UnitedHealth,98.47,74.8,No
RX0000117,P1193,38,Female,Drug_29,200,Twice daily,81,2026-06-01,0,31,Dr. Harris,Oncology,"Torres, Weber and Fisher Pharmacy",West Christopher,Cigna,90.45,70.3,No
RX0000118,P4452,23,Female,Drug_48,500,Once daily,327,2025-03-02,2,30,Dr. Perry,Pulmonology,Davis-Wong Pharmacy,South Danieltown,Cigna,42.55,61.0,No
RX0000119,P7216,87,Male,Drug_13,200,Once daily,181,2023-12-16,2,51,Dr. Obrien,Pulmonology,Underwood-Mendez Pharmacy,Port Mark,BlueCross,88.25,45.3,Yes
RX0000120,P2650,30,Female,Drug_9,20,Twice daily,45,2025-01-20,6,62,Dr. Santiago,Oncology,Steele PLC Pharmacy,Lake Jesse,Medicare,8.11,54.0,No
RX0000121,P6331,18,Female,Drug_3,100,Three times daily,79,2024-10-25,5,45,Dr. Smith,Cardiology,"Moran, Taylor and Ellis Pharmacy",North Kelly,Cigna,34.85,51.0,No
RX0000122,P6924,39,Male,Drug_13,25,Weekly,64,2025-01-23,7,71,Dr. Hogan,Oncology,"Grant, Lucas and Dean Pharmacy",North Christopherhaven,Medicaid,74.05,84.7,No
RX0000123,P5254,41,Other,Drug_2,50,Three times daily,95,2026-08-11,6,87,Dr. Obrien,Psychiatry,"Martinez, Richards and Fisher Pharmacy",Port Jenniferside,Cigna,26.04,86.8,Yes
RX0000124,P4066,81,Male,Drug_47,20,As needed,279,2024-09-03,0,58,Dr. Collins,Oncology,"Frederick, Castaneda and Carter Pharmacy",Mooreville,BlueCross,23.85,86.6,No
RX0000125,P9987,58,Female,Drug_38,50,Once daily,140,2024-02-13,2,39,Dr. Reynolds,Cardiology,"Lopez, Shaw and Martinez Pharmacy",Hobbstown,BlueCross,86.87,98.1,No
RX0000126,P5306,39,Male,Drug_16,100,Twice daily,149,2023-10-22,8,68,Dr. Wilson,Oncology,Ramos-Schneider Pharmacy,New Denisetown,UnitedHealth,63.52,93.1,No
RX0000127,P4885,78,Female,Drug_32,500,Weekly,101,2025-09-02,3,36,Dr. Harris,Psychiatry,Horne-Davis Pharmacy,North John,Medicare,98.96,69.9,No
RX0000128,P5413,29,Male,Drug_25,100,Three times daily,162,2024-04-03,10,30,Dr. Morris,Neurology,"Wagner, Martin and Donaldson Pharmacy",Lake Angela,Medicare,17.79,64.9,No
RX0000129,P8722,21,Female,Drug_5,1000,As needed,207,2025-01-24,11,55,Dr. Peterson,Pulmonology,"Mcintyre, Rose and Miller Pharmacy",Sanderstown,UnitedHealth,38.83,94.9,No
RX0000130,P6621,29,Male,Drug_51,25,Three times daily,166,2026-05-30,10,74,Dr. Conway,Cardiology,Wilson Inc Pharmacy,Dayborough,UnitedHealth,34.57,76.7,No
RX0000131,P6995,50,Male,Drug_35,10,As needed,217,2025-05-25,11,34,Dr. Blevins,Neurology,"Ramos, Becker and Willis Pharmacy",North Brandonbury,Medicaid,88.61,57.7,No
RX0000132,P4013,38,Male,Drug_42,1000,Three times daily,178,2025-09-07,2,64,Dr. Diaz,Pulmonology,Miller-Strickland Pharmacy,Lake Amandamouth,Medicaid,29.25,73.9,Yes
RX0000133,P9171,90,Female,Drug_20,20,Weekly,76,2025-07-28,4,42,Dr. Collins,Neurology,"Evans, Chavez and Hill Pharmacy",Port Justinfurt,Cigna,38.58,99.5,Yes
RX0000134,P7945,89,Male,Drug_32,200,Weekly,325,2026-01-17,7,56,Dr. King,Oncology,Thomas-Taylor Pharmacy,West Mary,Medicare,18.57,91.0,No
RX0000135,P4449,91,Female,Drug_35,25,Twice daily,320,2024-01-04,0,41,Dr. Guzman,Oncology,Buchanan LLC Pharmacy,Port Cherylburgh,Medicaid,78.66,56.9,No
RX0000136,P7866,91,Female,Drug_54,5,Weekly,151,2026-04-29,1,59,Dr. Powell,Pulmonology,Davis-Murphy Pharmacy,Port Curtisland,Cigna,27.58,97.2,No
RX0000137,P7099,89,Female,Drug_52,500,As needed,173,2025-01-12,6,79,Dr. Miller,Pulmonology,"Holmes, Peck and Jensen Pharmacy",Joneschester,Aetna,11.49,98.9,Yes
RX0000138,P6981,69,Male,Drug_29,25,Twice daily,325,2026-05-24,0,61,Dr. David,Oncology,"Morris, Diaz and Aguilar Pharmacy",Rogerview,Cigna,46.34,53.9,Yes
RX0000139,P7563,64,Female,Drug_2,100,Weekly,123,2023-11-18,10,88,Dr. Thomas,Oncology,Frederick PLC Pharmacy,Boydmouth,Medicaid,42.19,93.7,No
RX0000140,P5581,76,Male,Drug_3,200,Once daily,191,2025-09-20,4,60,Dr. Perry,Pulmonology,Anthony-Adams Pharmacy,Port Mollyberg,Cigna,21.87,93.0,Yes
RX0000141,P8384,64,Female,Drug_22,500,As needed,209,2025-08-30,9,34,Dr. Powell,Pulmonology,Frank PLC Pharmacy,North Francisco,Aetna,17.69,42.4,No
RX0000142,P3947,73,Female,Drug_4,10,Twice daily,168,2026-03-14,7,66,Dr. David,Pulmonology,"Gomez, Callahan and Martin Pharmacy",Youngside,Medicaid,90.17,80.2,No
RX0000143,P3148,30,Male,Drug_22,1000,As needed,315,2024-09-12,5,31,Dr. Smith,Psychiatry,Stevens-Miller Pharmacy,West Bryan,Cigna,11.45,58.3,Yes
RX0000144,P4744,61,Male,Drug_51,20,Twice daily,344,2024-01-04,2,67,Dr. Collins,Psychiatry,"Bowman, Barron and Murray Pharmacy",Andrewshire,Medicaid,14.43,80.5,No
RX0000145,P2636,52,Female,Drug_47,5,As needed,194,2024-01-20,6,36,Dr. Blevins,Oncology,Newton-Sanchez Pharmacy,East Amy,UnitedHealth,28.28,94.8,No
RX0000146,P5422,46,Male,Drug_3,10,Once daily,49,2024-01-13,2,30,Dr. Miller,Psychiatry,Bradshaw Inc Pharmacy,South Michaelburgh,UnitedHealth,95.52,69.9,Yes
RX0000147,P4863,73,Female,Drug_26,500,Weekly,207,2023-10-14,11,32,Dr. Anderson,Cardiology,Taylor and Sons Pharmacy,Kimberlyfurt,Cigna,13.11,64.9,No
RX0000148,P8081,22,Male,Drug_8,100,Three times daily,237,2025-11-29,4,49,Dr. Powell,Oncology,Lloyd Group Pharmacy,Lake Dianamouth,BlueCross,82.52,95.3,Yes
RX0000149,P7240,84,Female,Drug_14,5,Three times daily,10,2023-12-02,6,31,Dr. Price,Cardiology,Moyer-Sanchez Pharmacy,New Rachel,Medicaid,89.74,98.4,No
RX0000150,P4212,70,Male,Drug_52,1000,Three times daily,246,2026-01-06,1,71,Dr. Guzman,Neurology,Carter Group Pharmacy,Ryanmouth,Medicaid,40.9,43.7,Yes
RX0000151,P3389,77,Female,Drug_42,200,Twice daily,212,2024-07-14,9,72,Dr. Taylor,Cardiology,"Elliott, Lloyd and Hensley Pharmacy",Lake Judyview,UnitedHealth,32.92,95.4,No
RX0000152,P3450,23,Female,Drug_43,20,Weekly,337,2025-11-21,3,50,Dr. Hernandez,Neurology,Horn-Russell Pharmacy,Susanside,UnitedHealth,69.35,45.0,No
RX0000153,P8749,65,Female,Drug_34,200,Twice daily,100,2024-04-30,1,74,Dr. Lee,Cardiology,"Russell, Farrell and Cantrell Pharmacy",New Jessica,Medicaid,71.75,60.2,Yes
RX0000154,P1159,52,Male,Drug_30,100,Twice daily,238,2025-04-18,6,61,Dr. Santiago,Neurology,Moore-Madden Pharmacy,Rosalesmouth,Medicaid,79.1,85.8,Yes
RX0000155,P3893,35,Female,Drug_44,20,Twice daily,353,2024-10-06,2,77,Dr. Conway,Neurology,"Rubio, Lyons and Potter Pharmacy",Lake Maryshire,UnitedHealth,83.9,86.6,No
RX0000156,P7906,28,Male,Drug_56,500,Twice daily,355,2025-10-19,8,49,Dr. Garcia,Oncology,Moore-King Pharmacy,West Danielborough,Cigna,30.5,83.5,No
RX0000157,P9185,68,Male,Drug_56,5,Weekly,166,2025-06-26,10,72,Dr. Price,Pulmonology,Fletcher Group Pharmacy,East Cindy,Medicare,70.26,42.3,No
RX0000158,P3203,40,Female,Drug_35,50,Three times daily,119,2025-02-24,5,79,Dr. Perry,Pulmonology,"Gilbert, Lewis and Garcia Pharmacy",Kingside,Cigna,17.82,48.0,Yes
RX0000159,P9470,64,Female,Drug_10,500,As needed,258,2024-02-15,0,60,Dr. Hall,Oncology,"Becker, Carlson and Simpson Pharmacy",South Austinchester,Aetna,53.52,96.2,No
RX0000160,P9748,92,Male,Drug_48,20,Twice daily,228,2024-10-29,9,72,Dr. Santiago,Neurology,Mooney Group Pharmacy,Kaylachester,BlueCross,63.22,44.9,No
RX0000161,P6172,76,Female,Drug_38,100,Weekly,352,2024-09-20,7,62,Dr. Brown,Pulmonology,King PLC Pharmacy,Teresaton,Cigna,20.36,44.7,Yes
RX0000162,P8972,74,Female,Drug_15,10,Once daily,100,2024-03-12,6,53,Dr. Davenport,Pulmonology,Ballard-Vargas Pharmacy,Ethanmouth,Cigna,12.27,90.1,No
RX0000163,P5915,73,Male,Drug_60,1000,As needed,173,2026-01-19,0,47,Dr. Santiago,Cardiology,Mcdonald-Logan Pharmacy,Port Robertberg,Medicaid,23.5,78.5,Yes
RX0000164,P5111,44,Female,Drug_5,10,Twice daily,144,2025-02-22,2,49,Dr. Diaz,Psychiatry,Jordan-Love Pharmacy,Port Julia,Aetna,44.96,61.1,No
RX0000165,P1781,90,Female,Drug_3,50,Twice daily,354,2025-04-29,2,89,Dr. Patterson,Oncology,Massey-Arias Pharmacy,Nicholastown,Medicaid,89.34,49.9,No
RX0000166,P7527,52,Male,Drug_48,20,As needed,216,2023-12-03,2,61,Dr. Garcia,Psychiatry,Gamble-Allen Pharmacy,Chanborough,UnitedHealth,55.53,93.1,Yes
RX0000167,P2621,72,Female,Drug_10,1000,As needed,262,2024-06-27,6,87,Dr. Smith,Neurology,Williams Inc Pharmacy,Port Carlyshire,Medicaid,76.11,99.3,No
RX0000168,P3676,26,Female,Drug_32,1000,Twice daily,79,2023-11-09,5,34,Dr. Frazier,Cardiology,"Rodriguez, Jones and Moore Pharmacy",New Brittneyfurt,Medicare,21.54,43.0,No
RX0000169,P1983,35,Female,Drug_42,200,Weekly,220,2024-04-08,10,31,Dr. Diaz,Pulmonology,Dyer Group Pharmacy,North Lisaport,BlueCross,15.07,73.2,No
RX0000170,P4530,61,Male,Drug_2,50,Once daily,272,2026-04-03,11,55,Dr. Hogan,Cardiology,"Bell, Bowers and Martin Pharmacy",Benjaminville,Medicare,27.76,55.7,Yes
RX0000171,P5166,38,Female,Drug_31,1000,Weekly,157,2023-12-10,1,54,Dr. Blevins,Oncology,Hall-Cline Pharmacy,Port Bianca,Medicaid,34.82,89.9,Yes
RX0000172,P8807,73,Male,Drug_59,200,Three times daily,241,2024-07-17,4,79,Dr. Martin,Neurology,Barrett LLC Pharmacy,Baileyberg,BlueCross,57.07,60.8,No
RX0000173,P2577,65,Male,Drug_59,10,Three times daily,222,2025-12-28,5,51,Dr. Perry,Cardiology,Hale-Nguyen Pharmacy,Susanberg,Cigna,88.72,82.9,Yes
RX0000174,P8370,18,Male,Drug_40,5,Three times daily,310,2025-02-28,11,68,Dr. Conway,Cardiology,Smith Inc Pharmacy,Jonesstad,Aetna,45.48,72.4,No
RX0000175,P6483,44,Female,Drug_3,25,Twice daily,115,2024-09-03,1,51,Dr. Gray,Cardiology,Potter-Prince Pharmacy,Port Brett,Medicare,54.29,72.5,No
RX0000176,P5256,62,Female,Drug_16,500,Once daily,351,2024-07-11,0,40,Dr. Patterson,Pulmonology,"Nguyen, Ruiz and Stone Pharmacy",Jodymouth,Aetna,5.44,91.5,No
RX0000177,P6914,80,Male,Drug_45,100,Once daily,306,2024-10-12,3,40,Dr. Ramos,Neurology,"Kline, Smith and Jones Pharmacy",Lake Lawrence,Medicaid,8.16,68.2,No
RX0000178,P6903,75,Male,Drug_42,10,Twice daily,355,2025-12-31,11,89,Dr. King,Pulmonology,Wilson PLC Pharmacy,Port Williamshire,BlueCross,12.96,90.7,No
RX0000179,P5222,57,Male,Drug_9,50,Twice daily,326,2026-02-25,3,74,Dr. Anderson,Cardiology,"Wiley, Roberson and Stewart Pharmacy",Valerieburgh,UnitedHealth,71.4,61.8,No
RX0000180,P6638,80,Male,Drug_1,1000,Twice daily,302,2026-03-14,3,33,Dr. Harris,Pulmonology,Poole-Thomas Pharmacy,West Sarahberg,Cigna,51.19,50.5,No
RX0000181,P1324,55,Female,Drug_12,100,Once daily,126,2026-02-14,0,62,Dr. Evans,Pulmonology,Hall Inc Pharmacy,South Sierra,BlueCross,23.33,67.3,Yes
RX0000182,P7746,46,Female,Drug_41,100,Twice daily,334,2024-03-28,2,47,Dr. Obrien,Oncology,Parker Group Pharmacy,Robbinsmouth,UnitedHealth,61.3,69.9,Yes
RX0000183,P2986,57,Female,Drug_4,200,As needed,104,2024-04-23,6,60,Dr. Kelley,Psychiatry,Thompson Group Pharmacy,Port Amy,Aetna,56.74,68.7,Yes
RX0000184,P6752,36,Female,Drug_58,50,As needed,216,2025-05-04,3,73,Dr. Beasley,Psychiatry,White LLC Pharmacy,Kellymouth,Aetna,13.44,88.5,No
RX0000185,P4259,73,Female,Drug_20,20,As needed,38,2023-11-21,1,87,Dr. Garcia,Oncology,Barnett Ltd Pharmacy,East Andrew,Cigna,65.84,73.9,Yes
RX0000186,P9821,61,Male,Drug_53,20,Twice daily,336,2025-01-26,7,57,Dr. Garcia,Oncology,Rodriguez and Sons Pharmacy,Livingstonview,UnitedHealth,77.88,93.3,Yes
RX0000187,P3859,82,Male,Drug_51,50,As needed,232,2025-10-06,10,71,Dr. Smith,Pulmonology,Andrade-Terry Pharmacy,South Shelia,UnitedHealth,32.22,70.9,No
RX0000188,P5663,30,Female,Drug_7,25,Twice daily,221,2023-12-21,0,89,Dr. Lee,Pulmonology,Burgess Group Pharmacy,West Brian,Cigna,70.31,53.5,No
RX0000189,P6818,47,Female,Drug_30,50,As needed,129,2025-06-15,8,51,Dr. Price,Neurology,"Randall, Soto and Tucker Pharmacy",Ryanbury,BlueCross,23.97,47.8,No
RX0000190,P6326,66,Female,Drug_40,1000,Twice daily,153,2024-05-12,4,69,Dr. Santiago,Psychiatry,Chen-Moore Pharmacy,South Lisaborough,Medicare,76.89,92.1,No
RX0000191,P9363,92,Female,Drug_11,50,Weekly,346,2025-02-27,1,32,Dr. Guzman,Pulmonology,Guzman-Garcia Pharmacy,West Michaelfurt,BlueCross,91.62,43.4,No
RX0000192,P8987,80,Female,Drug_54,25,Three times daily,58,2024-06-30,3,36,Dr. Garcia,Neurology,Hernandez-Figueroa Pharmacy,Brownside,Aetna,46.98,47.1,No
RX0000193,P8322,88,Male,Drug_38,25,Weekly,186,2023-10-28,2,86,Dr. Martin,Psychiatry,Silva LLC Pharmacy,Lake Derekchester,BlueCross,28.24,43.8,No
RX0000194,P2284,52,Male,Drug_5,5,Three times daily,296,2026-03-27,6,49,Dr. Collins,Neurology,"Brown, Leon and Gutierrez Pharmacy",Lake Blakefort,Medicaid,42.92,65.4,No
RX0000195,P7243,28,Female,Drug_53,25,Three times daily,193,2026-08-12,5,72,Dr. Frazier,Neurology,Griffith PLC Pharmacy,Randallchester,BlueCross,28.76,72.0,No
RX0000196,P5694,66,Female,Drug_53,25,As needed,343,2026-07-14,10,36,Dr. Beasley,Oncology,Watkins LLC Pharmacy,Carolhaven,BlueCross,5.12,41.2,Yes
RX0000197,P8598,57,Male,Drug_7,1000,Three times daily,114,2023-08-17,11,36,Dr. Reynolds,Cardiology,Mckinney Group Pharmacy,East James,UnitedHealth,66.79,70.9,Yes
RX0000198,P3373,38,Female,Drug_8,25,Three times daily,132,2026-06-10,10,58,Dr. Bailey,Cardiology,Olson-Mercado Pharmacy,Lake Edgarside,Medicaid,9.04,63.6,No
RX0000199,P3745,64,Female,Drug_32,200,Weekly,267,2024-07-21,8,89,Dr. King,Cardiology,"Wagner, Williams and Stevens Pharmacy",South Jennifer,Aetna,24.99,86.4,Yes
RX0000200,P6527,20,Male,Drug_39,5,Three times daily,200,2024-09-11,3,55,Dr. Taylor,Neurology,"Smith, Johnson and Keith Pharmacy",Kevinchester,Cigna,73.63,89.8,Yes
RX0000201,P7911,47,Male,Drug_52,200,Twice daily,303,2025-12-14,11,70,Dr. Davenport,Pulmonology,Hernandez Ltd Pharmacy,Sabrinaland,BlueCross,68.24,81.1,No
RX0000202,P7631,84,Female,Drug_40,10,Twice daily,40,2024-12-23,2,32,Dr. Collins,Cardiology,"Bullock, Williams and Howell Pharmacy",Buckhaven,Medicare,11.97,68.4,Yes
RX0000203,P2168,79,Female,Drug_15,500,As needed,282,2025-12-19,6,72,Dr. Brown,Pulmonology,"Rodriguez, Grant and Osborne Pharmacy",Lake Amber,UnitedHealth,67.71,53.0,No
RX0000204,P2296,54,Male,Drug_5,5,Weekly,188,2024-06-10,5,46,Dr. Diaz,Psychiatry,Burke PLC Pharmacy,West Daniel,UnitedHealth,93.4,90.8,Yes
RX0000205,P3654,39,Female,Drug_52,20,Once daily,245,2025-02-22,4,69,Dr. Davenport,Cardiology,Sanders-Park Pharmacy,Alanville,Cigna,12.08,60.5,Yes
RX0000206,P6629,48,Female,Drug_13,500,Weekly,328,2025-10-20,9,49,Dr. Thomas,Neurology,Griffith-May Pharmacy,South Joseph,Medicare,44.49,61.4,No
RX0000207,P4739,63,Female,Drug_28,500,Once daily,354,2025-01-22,6,63,Dr. Doyle,Oncology,"Lawrence, Smith and Lopez Pharmacy",North Michael,BlueCross,74.3,95.0,No
RX0000208,P6136,93,Male,Drug_22,50,Three times daily,152,2025-12-09,4,82,Dr. Taylor,Neurology,Thompson Inc Pharmacy,South Kiaratown,Medicare,68.43,98.5,No
RX0000209,P6191,62,Other,Drug_52,50,Once daily,50,2024-11-14,8,81,Dr. Jones,Pulmonology,Vargas Inc Pharmacy,East Jillian,UnitedHealth,26.52,93.9,No
RX0000210,P5773,31,Male,Drug_54,500,Three times daily,310,2026-01-21,11,62,Dr. Ramos,Psychiatry,Garcia-Khan Pharmacy,Lake Kevinville,Cigna,20.49,99.9,No
RX0000211,P5382,29,Female,Drug_48,50,Weekly,297,2024-03-12,3,45,Dr. Diaz,Neurology,"Wilson, Thompson and Anderson Pharmacy",East Patricia,Medicare,79.5,92.1,Yes
RX0000212,P7479,80,Female,Drug_44,1000,Weekly,301,2024-01-24,0,89,Dr. Smith,Oncology,Gordon-Martin Pharmacy,Marktown,Medicare,95.84,82.3,No
RX0000213,P5444,94,Male,Drug_26,5,As needed,265,2026-01-04,9,52,Dr. Brown,Oncology,Williamson LLC Pharmacy,Bowmanview,Cigna,77.92,57.6,Yes
RX0000214,P8289,55,Male,Drug_21,50,As needed,25,2025-03-29,11,33,Dr. Garcia,Psychiatry,Austin-Castillo Pharmacy,South Codyborough,Cigna,96.5,97.2,No
RX0000215,P6950,64,Female,Drug_8,20,Three times daily,221,2025-03-29,4,85,Dr. Guzman,Cardiology,Williams-Reyes Pharmacy,Jenningschester,Cigna,62.47,92.6,Yes
RX0000216,P9535,71,Female,Drug_44,20,Three times daily,217,2025-09-26,0,70,Dr. Tyler,Neurology,Vega-Williams Pharmacy,Chandlerport,UnitedHealth,93.26,54.4,Yes
RX0000217,P8377,72,Female,Drug_37,10,Twice daily,237,2025-05-13,11,69,Dr. Santiago,Neurology,Hall-Lawson Pharmacy,Ashleytown,Cigna,70.59,69.3,No
RX0000218,P7782,65,Male,Drug_35,20,Twice daily,345,2024-05-01,0,62,Dr. Kelley,Oncology,Robinson Inc Pharmacy,Christopherchester,Medicaid,91.34,44.2,No
RX0000219,P3741,90,Male,Drug_9,200,Twice daily,11,2025-12-02,0,37,Dr. Garcia,Pulmonology,Vaughn and Sons Pharmacy,Shannonmouth,BlueCross,20.35,97.2,No
RX0000220,P4012,89,Male,Drug_21,500,Weekly,317,2024-11-09,0,34,Dr. King,Neurology,Montgomery-Hernandez Pharmacy,South Evan,UnitedHealth,82.48,74.4,No
RX0000221,P1378,32,Female,Drug_54,500,Once daily,275,2025-02-19,7,62,Dr. Lee,Oncology,Phillips LLC Pharmacy,West Dana,Cigna,23.69,54.7,Yes
RX0000222,P3048,88,Female,Drug_51,500,Three times daily,168,2025-04-09,1,86,Dr. Harris,Pulmonology,Reynolds Group Pharmacy,North Kathrynstad,Aetna,7.61,57.5,Yes
RX0000223,P4844,33,Female,Drug_14,5,As needed,222,2025-01-02,8,54,Dr. Kelly,Cardiology,Lawson LLC Pharmacy,South Timothyville,Medicare,54.17,98.8,No
RX0000224,P5122,60,Male,Drug_49,200,Three times daily,280,2025-02-06,6,36,Dr. Lee,Cardiology,"Armstrong, Bennett and Austin Pharmacy",Jennifermouth,Cigna,35.23,76.9,Yes
RX0000225,P2311,24,Female,Drug_3,10,Once daily,330,2025-12-24,10,76,Dr. Acosta,Oncology,"Gill, Clark and Camacho Pharmacy",Parkberg,Cigna,9.14,65.2,No
RX0000226,P4450,60,Male,Drug_38,25,Three times daily,106,2025-04-06,2,36,Dr. Brown,Oncology,"Roberts, Johnson and Matthews Pharmacy",Bensonville,BlueCross,98.13,70.0,No
RX0000227,P3734,45,Female,Drug_12,50,As needed,177,2025-07-13,8,88,Dr. King,Cardiology,Gonzalez Inc Pharmacy,Juliehaven,Cigna,68.31,45.9,Yes
RX0000228,P7505,83,Male,Drug_22,5,As needed,258,2023-10-26,3,62,Dr. Garcia,Oncology,Snyder-Stevenson Pharmacy,New Gregoryville,UnitedHealth,90.67,44.5,No
RX0000229,P2687,77,Male,Drug_5,25,Once daily,175,2025-05-14,6,70,Dr. Diaz,Psychiatry,"Ibarra, Blair and Lynch Pharmacy",New Cassandrashire,Medicaid,99.91,75.6,No
RX0000230,P2565,20,Female,Drug_8,25,As needed,44,2026-02-21,2,62,Dr. Kelley,Neurology,"Keller, Meyer and Sosa Pharmacy",Port Edwardchester,Aetna,42.24,70.7,No
RX0000231,P2045,18,Male,Drug_18,1000,Weekly,234,2026-03-19,4,58,Dr. Garcia,Psychiatry,Ferguson Group Pharmacy,New Robertshire,Aetna,29.2,61.5,Yes
RX0000232,P8752,48,Female,Drug_10,1000,As needed,131,2026-02-13,3,73,Dr. Frazier,Pulmonology,Oliver-Li Pharmacy,Lake Stacy,Cigna,22.47,74.0,Yes
RX0000233,P9985,73,Female,Drug_49,5,Once daily,284,2024-08-09,5,68,Dr. King,Oncology,Harrison-Bishop Pharmacy,New Michelle,BlueCross,53.94,44.4,No
RX0000234,P1881,63,Female,Drug_27,500,Once daily,291,2025-09-26,11,86,Dr. Campbell,Oncology,"Martin, Steele and Sims Pharmacy",Kruegerstad,UnitedHealth,62.58,96.6,No
RX0000235,P1431,49,Other,Drug_11,25,Three times daily,143,2025-02-13,8,70,Dr. Martinez,Pulmonology,Kemp-Walker Pharmacy,Lake Eddie,UnitedHealth,49.88,57.6,No
RX0000236,P7504,35,Male,Drug_45,25,As needed,114,2025-10-14,4,61,Dr. Martin,Neurology,"Lee, Ward and Downs Pharmacy",New Jesse,Cigna,41.79,44.3,No
RX0000237,P9584,85,Male,Drug_24,50,As needed,74,2024-07-22,0,66,Dr. Conway,Cardiology,Jones-Wilson Pharmacy,Clarkborough,Medicare,20.99,50.2,No
RX0000238,P2363,52,Female,Drug_36,10,Once daily,110,2025-02-02,4,73,Dr. Bailey,Psychiatry,Stone-Vargas Pharmacy,Ramirezport,UnitedHealth,46.98,45.7,No
RX0000239,P2702,40,Female,Drug_11,5,Three times daily,252,2025-01-13,4,58,Dr. Davenport,Neurology,"Williams, Gilmore and Hunt Pharmacy",Mariehaven,UnitedHealth,13.1,50.7,Yes
RX0000240,P5300,30,Male,Drug_29,50,Three times daily,171,2024-04-01,8,51,Dr. Beasley,Cardiology,"Kline, Cain and Davis Pharmacy",Lake Brianaton,UnitedHealth,87.18,65.0,No
RX0000241,P3544,31,Female,Drug_16,200,Weekly,198,2026-05-27,7,31,Dr. Collins,Cardiology,"Duncan, Dean and Benson Pharmacy",East Randy,Aetna,9.46,84.3,Yes
RX0000242,P2381,54,Male,Drug_60,1000,Weekly,201,2024-10-12,4,79,Dr. Smith,Oncology,Hendricks Inc Pharmacy,Frenchburgh,UnitedHealth,41.16,56.3,No
RX0000243,P7387,22,Male,Drug_38,10,Once daily,138,2024-04-25,4,87,Dr. King,Pulmonology,Torres Ltd Pharmacy,South James,Medicare,14.51,66.2,Yes
RX0000244,P6068,39,Male,Drug_3,500,Three times daily,302,2025-12-09,1,38,Dr. Smith,Oncology,Lang LLC Pharmacy,Jacobhaven,Medicaid,78.62,95.7,No
RX0000245,P4757,45,Male,Drug_9,200,Three times daily,150,2025-06-25,8,58,Dr. Ramos,Pulmonology,Reed-Ford Pharmacy,Shawnashire,Aetna,34.71,57.7,No
RX0000246,P5053,21,Male,Drug_7,10,Weekly,225,2025-11-20,10,62,Dr. Doyle,Oncology,Jordan-Hampton Pharmacy,Jenniferstad,Aetna,15.75,87.7,Yes
RX0000247,P5655,67,Male,Drug_51,50,Weekly,32,2025-05-09,3,39,Dr. Hernandez,Psychiatry,"Smith, Ward and Mosley Pharmacy",Port Robertborough,Medicaid,55.49,49.5,No
RX0000248,P8260,46,Male,Drug_55,200,Once daily,257,2026-03-24,6,89,Dr. Evans,Oncology,Booth-Fisher Pharmacy,Amymouth,Medicare,92.05,50.7,Yes
RX0000249,P3071,54,Male,Drug_41,20,Three times daily,101,2024-02-07,9,57,Dr. Anderson,Psychiatry,"Camacho, Scott and Santana Pharmacy",Port Roberttown,Cigna,91.32,67.4,Yes
RX0000250,P3150,52,Male,Drug_40,10,Once daily,360,2024-09-19,5,75,Dr. David,Neurology,Le-Graham Pharmacy,Wandamouth,BlueCross,28.72,54.0,Yes
RX0000251,P9630,37,Female,Drug_25,100,Weekly,206,2026-07-06,4,82,Dr. Smith,Neurology,Simpson-Warner Pharmacy,New Christopher,Medicare,73.37,94.2,No
RX0000252,P3795,52,Male,Drug_50,100,As needed,109,2024-04-29,10,75,Dr. Price,Oncology,Hawkins Group Pharmacy,Whitechester,Medicaid,7.88,43.0,Yes
RX0000253,P1468,19,Male,Drug_11,25,Weekly,199,2024-09-10,10,68,Dr. Blevins,Neurology,"Wilson, Perez and King Pharmacy",Lake Paula,UnitedHealth,17.53,75.8,No
RX0000254,P1575,75,Male,Drug_2,5,Three times daily,8,2023-09-26,4,41,Dr. King,Cardiology,Nelson-Rangel Pharmacy,Nancyburgh,UnitedHealth,52.45,76.3,Yes
RX0000255,P6846,35,Male,Drug_57,50,Once daily,253,2023-09-07,6,87,Dr. Morris,Psychiatry,Lowe-Stone Pharmacy,New Catherine,Medicaid,26.73,44.0,No
RX0000256,P6328,73,Male,Drug_32,5,Three times daily,97,2023-12-14,1,51,Dr. Taylor,Pulmonology,Williams Group Pharmacy,West Jacqueline,UnitedHealth,80.83,84.0,No
RX0000257,P8801,81,Male,Drug_6,500,Weekly,51,2025-07-17,8,83,Dr. Wilson,Psychiatry,Rodriguez PLC Pharmacy,Taylorport,Medicaid,93.45,68.1,No
RX0000258,P8654,69,Female,Drug_1,10,Weekly,9,2024-05-06,1,35,Dr. Campbell,Oncology,Hammond Inc Pharmacy,Mccormickchester,Aetna,5.41,83.4,Yes
RX0000259,P9856,39,Female,Drug_1,1000,Twice daily,342,2026-06-22,8,74,Dr. Taylor,Neurology,"Taylor, Anderson and Cole Pharmacy",East Lisaview,Cigna,27.13,89.6,No
RX0000260,P5463,77,Female,Drug_12,1000,Weekly,70,2025-09-10,10,69,Dr. Harris,Neurology,Wilson Inc Pharmacy,Brooksbury,Aetna,46.76,59.4,Yes
RX0000261,P9987,27,Female,Drug_60,20,Three times daily,141,2025-08-11,3,52,Dr. Lopez,Cardiology,Hunter Ltd Pharmacy,West Jennifer,Aetna,58.49,69.1,No
RX0000262,P8288,23,Male,Drug_6,100,Once daily,297,2024-02-16,9,82,Dr. Morris,Neurology,Warren and Sons Pharmacy,West Miguel,Aetna,92.01,55.6,No
RX0000263,P3213,23,Male,Drug_46,1000,Once daily,284,2025-07-06,10,87,Dr. Lopez,Oncology,Hampton Ltd Pharmacy,East Elizabeth,Medicaid,89.73,52.1,No
RX0000264,P9835,45,Female,Drug_42,200,Twice daily,182,2024-03-03,9,63,Dr. Evans,Oncology,Lyons-Velasquez Pharmacy,North Steven,Medicare,65.53,40.0,No
RX0000265,P3900,59,Male,Drug_38,25,Three times daily,288,2024-01-17,5,71,Dr. Thomas,Pulmonology,"Martin, Cole and Howard Pharmacy",Morrismouth,BlueCross,29.45,97.8,Yes
RX0000266,P8480,91,Female,Drug_57,20,Weekly,126,2024-12-18,0,67,Dr. Price,Psychiatry,Mendez Inc Pharmacy,Josephtown,BlueCross,79.41,66.5,Yes
RX0000267,P8126,58,Male,Drug_19,10,As needed,268,2024-10-28,4,45,Dr. Beasley,Psychiatry,Gonzalez and Sons Pharmacy,New Rebecca,Cigna,24.25,40.8,Yes
RX0000268,P9576,80,Female,Drug_27,5,Once daily,180,2025-05-14,5,39,Dr. Hall,Psychiatry,"Cooper, Walker and Caldwell Pharmacy",Sanchezview,Cigna,96.69,40.5,No
RX0000269,P9745,39,Female,Drug_45,5,Three times daily,124,2024-08-17,8,76,Dr. Lopez,Pulmonology,"Wall, Floyd and Hays Pharmacy",Dukeview,Medicaid,5.55,57.3,Yes
RX0000270,P6073,46,Female,Drug_52,25,Twice daily,347,2024-10-31,8,50,Dr. Powell,Pulmonology,Martin Inc Pharmacy,North Savannahland,BlueCross,59.13,40.8,No
RX0000271,P6688,88,Male,Drug_51,25,As needed,191,2026-04-08,8,81,Dr. Morris,Pulmonology,"Edwards, Anderson and Miller Pharmacy",Lake Justin,Medicare,13.4,62.5,No
RX0000272,P8891,51,Male,Drug_50,1000,Three times daily,249,2024-09-12,2,39,Dr. Jimenez,Cardiology,Johnston-Miller Pharmacy,Colonhaven,Medicaid,43.72,43.8,No
RX0000273,P9841,19,Female,Drug_31,5,Weekly,220,2024-03-14,3,40,Dr. Davenport,Pulmonology,Griffin PLC Pharmacy,East Michaelland,Cigna,65.32,42.4,No
RX0000274,P4721,43,Female,Drug_45,25,Once daily,127,2025-12-29,7,50,Dr. Bailey,Neurology,Brady-Gutierrez Pharmacy,Port Christina,Medicaid,70.51,80.2,No
RX0000275,P2467,92,Male,Drug_9,20,Weekly,69,2023-12-21,7,54,Dr. Peterson,Cardiology,Hall LLC Pharmacy,Brianton,Cigna,79.63,94.4,No
RX0000276,P8239,36,Female,Drug_14,1000,Twice daily,155,2025-08-04,1,89,Dr. Garcia,Neurology,"White, Rice and Snyder Pharmacy",North Bryanmouth,BlueCross,61.37,64.6,No
RX0000277,P6044,37,Female,Drug_10,50,Once daily,282,2024-03-23,7,63,Dr. Lopez,Psychiatry,Fisher PLC Pharmacy,Pollardborough,Medicaid,28.88,90.2,No
RX0000278,P6992,50,Female,Drug_41,1000,As needed,35,2024-10-07,6,83,Dr. Taylor,Oncology,Chen PLC Pharmacy,Moralesshire,Aetna,89.48,41.8,No
RX0000279,P7753,21,Female,Drug_18,100,Once daily,305,2026-01-07,8,60,Dr. Diaz,Psychiatry,Thomas-Robinson Pharmacy,Port Johnnymouth,UnitedHealth,82.06,86.7,No
RX0000280,P5256,49,Male,Drug_34,1000,Weekly,231,2024-06-16,4,56,Dr. Hogan,Pulmonology,Bond and Sons Pharmacy,Ambermouth,Cigna,20.2,43.8,Yes
RX0000281,P3551,36,Female,Drug_29,5,Three times daily,179,2023-11-08,1,54,Dr. Santiago,Oncology,Saunders PLC Pharmacy,Moonmouth,Aetna,83.52,90.3,No
RX0000282,P5973,20,Female,Drug_27,25,Three times daily,250,2024-12-04,4,89,Dr. Kelley,Psychiatry,Johnson-Garcia Pharmacy,South Brooke,Cigna,97.4,92.9,No
RX0000283,P1172,78,Female,Drug_16,25,Three times daily,327,2026-05-26,1,71,Dr. Gray,Cardiology,Baker-Harris Pharmacy,West Amber,Aetna,65.54,87.2,No
RX0000284,P1001,55,Female,Drug_12,100,Twice daily,137,2024-12-22,11,61,Dr. Hall,Pulmonology,"Mills, Bradley and Ellison Pharmacy",West Thomastown,BlueCross,31.77,89.2,No
RX0000285,P9574,23,Female,Drug_40,5,Twice daily,358,2024-01-31,4,82,Dr. Ramos,Psychiatry,Allen-Warren Pharmacy,West Shawnstad,BlueCross,62.63,73.7,No
RX0000286,P3233,73,Female,Drug_45,50,Three times daily,26,2026-08-08,8,73,Dr. Martin,Oncology,"Martin, Christensen and Peterson Pharmacy",East Bobbychester,Medicare,37.54,55.9,No
RX0000287,P6634,57,Male,Drug_3,20,As needed,87,2024-08-08,6,40,Dr. Martin,Neurology,Phelps-Gonzalez Pharmacy,Chentown,Medicare,69.21,78.6,Yes
RX0000288,P5698,86,Female,Drug_39,5,Weekly,299,2024-10-27,6,83,Dr. Lee,Psychiatry,Russell-Rose Pharmacy,Amberberg,Medicare,56.76,66.4,No
RX0000289,P8687,59,Female,Drug_12,100,As needed,300,2024-11-20,0,76,Dr. Bailey,Cardiology,"Mckinney, Gibson and Salinas Pharmacy",West Aliciahaven,Medicaid,93.3,40.3,Yes
RX0000290,P9767,91,Male,Drug_46,20,Three times daily,241,2025-07-28,8,55,Dr. Kelley,Oncology,"Gill, Weber and Dunn Pharmacy",South Heather,Cigna,63.7,68.6,No
RX0000291,P1136,19,Male,Drug_32,25,Weekly,307,2023-09-20,5,89,Dr. Martinez,Psychiatry,Lam Ltd Pharmacy,Chavezland,Medicaid,25.33,79.1,Yes
RX0000292,P9059,45,Female,Drug_40,1000,Twice daily,227,2024-05-06,6,65,Dr. Guzman,Neurology,Clayton PLC Pharmacy,Thomasland,Medicare,73.89,40.8,Yes
RX0000293,P8816,34,Female,Drug_6,10,Once daily,176,2025-10-09,11,66,Dr. Reynolds,Pulmonology,"Hansen, Kim and Lane Pharmacy",Port Alexandershire,Cigna,33.58,77.3,Yes
RX0000294,P5908,87,Female,Drug_41,5,Once daily,52,2024-07-29,1,85,Dr. Harris,Pulmonology,Strickland-Roman Pharmacy,Lisaborough,Medicaid,30.88,79.2,No
RX0000295,P1149,86,Male,Drug_53,100,Weekly,66,2026-07-04,0,89,Dr. Ramos,Pulmonology,Harris Group Pharmacy,Port Brett,BlueCross,42.22,49.5,No
RX0000296,P8052,56,Other,Drug_51,5,As needed,102,2025-07-13,10,62,Dr. Price,Oncology,Harvey and Sons Pharmacy,Latoyashire,Cigna,6.14,65.9,No
RX0000297,P5799,24,Male,Drug_20,5,Weekly,275,2025-09-10,3,62,Dr. Miller,Neurology,"Williams, Taylor and Khan Pharmacy",Latoyaville,Medicare,97.07,97.9,No
RX0000298,P4788,49,Male,Drug_23,200,As needed,37,2026-07-27,11,71,Dr. Reynolds,Neurology,Cole-Morris Pharmacy,Collinsport,BlueCross,55.57,93.1,No
RX0000299,P1118,21,Male,Drug_27,10,As needed,330,2026-01-25,8,65,Dr. Anderson,Psychiatry,"Smith, Rush and Harrington Pharmacy",Carrillomouth,Cigna,78.48,64.6,No
RX0000300,P9981,38,Female,Drug_1,25,Once daily,122,2024-12-03,8,42,Dr. Hernandez,Pulmonology,Casey Group Pharmacy,North Holly,Medicaid,29.5,61.0,No
RX0000301,P7121,49,Male,Drug_36,25,Twice daily,68,2024-11-17,10,43,Dr. Brown,Oncology,"Allison, Glover and Shaw Pharmacy",East Hannah,UnitedHealth,75.93,47.4,Yes
RX0000302,P4089,31,Male,Drug_16,10,Three times daily,152,2026-07-15,2,87,Dr. Lee,Pulmonology,"Flores, Smith and Paul Pharmacy",Sarahshire,UnitedHealth,58.88,42.1,Yes
RX0000303,P7745,87,Female,Drug_13,100,Twice daily,337,2025-10-06,0,80,Dr. Brown,Pulmonology,Taylor LLC Pharmacy,West Heather,Medicare,45.29,57.8,Yes
RX0000304,P8161,92,Male,Drug_8,10,Three times daily,59,2024-05-08,1,66,Dr. Beasley,Psychiatry,White Ltd Pharmacy,Lake Robert,Medicaid,97.21,96.4,No
RX0000305,P7467,63,Female,Drug_34,500,Once daily,57,2024-08-05,8,72,Dr. Thomas,Psychiatry,"Young, Neal and Hoover Pharmacy",Samuelburgh,BlueCross,51.92,97.5,Yes
RX0000306,P5094,37,Female,Drug_7,25,Three times daily,175,2023-10-17,8,87,Dr. Conway,Psychiatry,Moore-Cox Pharmacy,Danaberg,BlueCross,67.46,88.8,No
RX0000307,P3675,75,Female,Drug_40,5,As needed,363,2023-10-01,11,69,Dr. Kelley,Cardiology,Stewart-Arias Pharmacy,South Jeffrey,BlueCross,6.46,61.0,No
RX0000308,P7385,65,Male,Drug_24,200,Weekly,363,2023-12-25,0,30,Dr. King,Cardiology,Jones-Matthews Pharmacy,Hannahside,Cigna,33.64,48.6,Yes
RX0000309,P7199,24,Female,Drug_56,100,Three times daily,201,2024-10-31,8,34,Dr. Campbell,Oncology,Rubio-Martin Pharmacy,Harrellbury,Medicare,89.43,75.7,No
RX0000310,P4614,57,Male,Drug_49,100,Twice daily,89,2023-11-18,0,59,Dr. Martin,Oncology,"Clay, Pierce and Anderson Pharmacy",Cooperview,UnitedHealth,77.1,78.8,No
RX0000311,P5308,76,Female,Drug_35,20,Once daily,140,2025-10-13,9,82,Dr. Morris,Psychiatry,Harvey Ltd Pharmacy,Sarahhaven,BlueCross,55.99,65.5,Yes
RX0000312,P2297,53,Female,Drug_33,200,Once daily,274,2024-05-16,3,47,Dr. Brown,Neurology,Lewis-Hill Pharmacy,Tinamouth,Medicaid,90.52,81.5,No
RX0000313,P7917,61,Male,Drug_15,100,Weekly,87,2025-01-24,4,74,Dr. Frazier,Oncology,Riley-Nixon Pharmacy,South Susan,Medicare,51.19,84.8,No
RX0000314,P4924,48,Male,Drug_30,1000,As needed,225,2026-07-05,7,66,Dr. Wilson,Cardiology,Hartman-Wood Pharmacy,East Davidmouth,UnitedHealth,58.82,87.0,No
RX0000315,P9464,59,Male,Drug_50,20,As needed,8,2026-07-28,4,85,Dr. Conway,Cardiology,"Hill, Smith and Bennett Pharmacy",New Andrewshire,Medicaid,41.3,70.1,Yes
RX0000316,P5454,61,Male,Drug_41,20,Once daily,315,2023-09-09,4,87,Dr. Jimenez,Pulmonology,Williams-Archer Pharmacy,Port Elizabethville,Medicaid,63.9,87.5,Yes
RX0000317,P5664,60,Female,Drug_43,25,As needed,257,2024-02-23,3,68,Dr. Conway,Psychiatry,"Moore, Graham and Petersen Pharmacy",Port Nancychester,BlueCross,35.31,41.5,No
RX0000318,P9715,60,Female,Drug_14,20,Weekly,242,2023-12-21,8,41,Dr. Ramos,Neurology,Carr-Hudson Pharmacy,Melanieview,Medicare,41.62,80.8,No
RX0000319,P5404,64,Male,Drug_18,25,Once daily,162,2023-11-10,7,63,Dr. Anderson,Psychiatry,Simmons PLC Pharmacy,Adamton,Aetna,96.8,54.1,No
RX0000320,P7765,23,Female,Drug_4,100,As needed,43,2026-04-19,8,74,Dr. Jones,Cardiology,"Davis, Miller and Garcia Pharmacy",West Sherry,Cigna,15.57,56.2,No
RX0000321,P4080,83,Female,Drug_13,5,Three times daily,235,2025-12-06,6,43,Dr. Tyler,Neurology,Cook-Jones Pharmacy,West Michael,Aetna,15.0,45.5,No
RX0000322,P2121,26,Female,Drug_8,10,Three times daily,151,2025-08-29,6,67,Dr. Jones,Oncology,"Young, Maddox and Ruiz Pharmacy",Arnoldview,Cigna,9.12,51.5,Yes
RX0000323,P3988,28,Male,Drug_51,100,As needed,331,2025-12-23,4,45,Dr. David,Pulmonology,Ortiz Ltd Pharmacy,North Allenton,Medicare,35.4,99.5,No
RX0000324,P3238,94,Female,Drug_10,100,Three times daily,62,2025-03-20,9,71,Dr. Collins,Cardiology,Cook LLC Pharmacy,Lake Andrewchester,UnitedHealth,42.83,64.9,Yes
RX0000325,P5744,35,Female,Drug_44,5,Weekly,127,2025-06-10,0,88,Dr. Peterson,Pulmonology,Woodard Ltd Pharmacy,Turnerhaven,BlueCross,13.98,95.7,No
RX0000326,P2808,42,Female,Drug_55,100,Twice daily,320,2025-02-26,11,40,Dr. Ramos,Psychiatry,"Duncan, Francis and Watson Pharmacy",Stephaniefort,Medicare,57.17,49.8,No
RX0000327,P8460,91,Male,Drug_59,1000,Weekly,217,2026-04-26,5,62,Dr. Hall,Neurology,Silva PLC Pharmacy,Johnland,Aetna,60.41,52.2,No
RX0000328,P8418,75,Male,Drug_31,500,Weekly,266,2024-05-29,9,44,Dr. Garcia,Psychiatry,"Smith, Larson and Bradley Pharmacy",Cruzchester,Medicaid,76.35,73.5,No
RX0000329,P5458,47,Female,Drug_32,50,As needed,109,2025-08-27,5,77,Dr. Garcia,Pulmonology,"Davis, Washington and King Pharmacy",Reynoldsport,Cigna,97.72,61.0,No
RX0000330,P9060,18,Female,Drug_12,25,Weekly,311,2026-02-09,9,71,Dr. Kelly,Cardiology,Brown Group Pharmacy,Lake Carlytown,Cigna,63.84,78.6,Yes
RX0000331,P4076,80,Female,Drug_11,100,As needed,241,2025-05-18,3,39,Dr. King,Pulmonology,Oconnell-Horn Pharmacy,Michelleton,Aetna,15.61,65.3,No
RX0000332,P6253,46,Male,Drug_43,50,Once daily,44,2024-09-24,1,32,Dr. Reynolds,Cardiology,Marsh-Kent Pharmacy,West Catherineside,BlueCross,13.41,88.7,No
RX0000333,P1317,83,Female,Drug_60,100,As needed,307,2024-04-04,0,40,Dr. Doyle,Pulmonology,Morrison Inc Pharmacy,Lake Jason,Medicare,78.87,65.9,No
RX0000334,P3492,92,Male,Drug_3,20,As needed,114,2025-08-05,2,40,Dr. Guzman,Psychiatry,Cruz-Petty Pharmacy,Younghaven,Aetna,66.78,74.3,No
RX0000335,P1813,70,Male,Drug_4,200,Once daily,230,2024-12-25,10,45,Dr. Lee,Pulmonology,"Cummings, Schaefer and Johnson Pharmacy",West Sallyfurt,Medicare,20.38,59.3,Yes
RX0000336,P9764,36,Female,Drug_42,500,Twice daily,299,2025-12-03,8,67,Dr. Hernandez,Oncology,Miller-Gardner Pharmacy,Ericbury,BlueCross,29.07,82.2,No
RX0000337,P1362,83,Male,Drug_24,50,Once daily,190,2024-12-16,11,59,Dr. Conway,Psychiatry,"Taylor, Valencia and Green Pharmacy",Port Caitlinfort,Medicaid,76.27,79.3,No
RX0000338,P4046,69,Male,Drug_19,50,As needed,161,2024-11-09,0,70,Dr. Tyler,Pulmonology,Parker LLC Pharmacy,Lake Barbara,Medicare,58.78,63.8,Yes
RX0000339,P2675,48,Female,Drug_14,25,Three times daily,38,2024-11-07,4,30,Dr. Gray,Pulmonology,Riley Inc Pharmacy,North Alishafurt,BlueCross,60.58,56.6,No
RX0000340,P5622,77,Female,Drug_28,50,As needed,240,2026-01-11,9,89,Dr. Blevins,Neurology,Gregory and Sons Pharmacy,Donaldbury,Aetna,24.95,76.8,Yes
RX0000341,P5410,85,Male,Drug_17,500,Once daily,256,2024-03-17,5,67,Dr. Hall,Psychiatry,"Adams, Donaldson and Murillo Pharmacy",West Joseph,UnitedHealth,64.76,96.6,No
RX0000342,P3048,47,Female,Drug_22,50,As needed,64,2024-12-06,8,79,Dr. Powell,Neurology,Jones-Anderson Pharmacy,Aliciaburgh,Medicaid,78.21,48.0,No
RX0000343,P8183,30,Male,Drug_40,1000,Once daily,339,2025-04-23,0,86,Dr. Blevins,Psychiatry,Wright Ltd Pharmacy,New Juliefurt,Medicaid,89.1,87.9,Yes
RX0000344,P1134,32,Male,Drug_52,5,Weekly,169,2023-08-21,11,74,Dr. Harris,Cardiology,Mcclain-Moore Pharmacy,East Randy,Medicaid,74.99,72.6,No
RX0000345,P4814,37,Male,Drug_57,200,Twice daily,23,2024-05-03,4,63,Dr. Guzman,Psychiatry,Butler-Mckay Pharmacy,Port Madison,Cigna,59.76,71.5,No
RX0000346,P2477,51,Male,Drug_49,50,Twice daily,260,2025-02-01,0,89,Dr. Hogan,Psychiatry,"Smith, Holland and Mitchell Pharmacy",Rosschester,UnitedHealth,68.96,97.7,Yes
RX0000347,P3468,37,Other,Drug_30,25,Once daily,152,2024-01-25,1,48,Dr. Ramos,Pulmonology,Hernandez PLC Pharmacy,Port Haley,BlueCross,51.09,76.4,No
RX0000348,P1241,67,Male,Drug_3,20,Twice daily,235,2025-11-22,1,89,Dr. Ramos,Oncology,Moyer Group Pharmacy,New Williestad,Medicare,26.56,89.8,No
RX0000349,P9086,44,Female,Drug_7,200,Three times daily,246,2025-07-07,10,63,Dr. Beasley,Psychiatry,Morgan-Bell Pharmacy,Bellshire,Aetna,88.81,70.9,Yes
RX0000350,P4558,47,Female,Drug_48,10,Three times daily,292,2025-05-18,4,88,Dr. Taylor,Neurology,Ruiz PLC Pharmacy,West Anthonymouth,Medicaid,55.6,55.0,No
RX0000351,P6601,73,Other,Drug_4,50,Twice daily,352,2025-10-09,9,65,Dr. Hogan,Oncology,"Coffey, Hoover and Turner Pharmacy",South Darrell,Medicaid,61.46,81.7,No
RX0000352,P7885,82,Male,Drug_60,10,Once daily,22,2023-09-28,3,33,Dr. Reynolds,Psychiatry,Wilson-Lambert Pharmacy,South Savannah,Medicaid,99.06,95.4,No
RX0000353,P6104,72,Female,Drug_35,200,Three times daily,81,2025-07-08,5,39,Dr. Frazier,Oncology,"Ayers, Walters and Smith Pharmacy",West Kenneth,BlueCross,98.58,90.5,Yes
RX0000354,P9165,41,Female,Drug_12,100,Twice daily,266,2024-08-25,4,46,Dr. Guzman,Cardiology,Williams-Perry Pharmacy,South Kelseyberg,Aetna,60.7,51.9,No
RX0000355,P7084,42,Male,Drug_11,200,As needed,10,2026-02-18,1,85,Dr. Campbell,Oncology,Martin-Adams Pharmacy,West Thomas,BlueCross,8.23,59.0,No
RX0000356,P8597,70,Male,Drug_51,1000,Three times daily,257,2026-06-28,8,45,Dr. Hernandez,Cardiology,"Love, Williams and Oliver Pharmacy",North Alexanderland,Aetna,42.63,71.0,No
RX0000357,P1519,93,Male,Drug_2,10,Weekly,91,2023-08-28,9,50,Dr. Peterson,Oncology,Green LLC Pharmacy,West Michael,Medicare,94.04,74.3,Yes
RX0000358,P6410,28,Female,Drug_32,1000,Three times daily,69,2025-09-20,7,57,Dr. Ramos,Oncology,Garrett-Adams Pharmacy,Port Dianehaven,Cigna,32.39,51.6,No
RX0000359,P2314,77,Female,Drug_33,200,Twice daily,106,2024-08-24,8,37,Dr. Kelly,Neurology,"Meza, Chaney and Ramirez Pharmacy",West Joshua,Aetna,99.93,53.8,Yes
RX0000360,P3393,94,Male,Drug_8,10,Twice daily,328,2025-03-07,10,58,Dr. David,Neurology,Tucker-Allen Pharmacy,Deanchester,UnitedHealth,13.01,85.5,No
RX0000361,P1918,64,Female,Drug_5,10,Twice daily,249,2024-04-28,5,35,Dr. Thomas,Pulmonology,Giles PLC Pharmacy,West Cynthia,BlueCross,58.97,83.8,Yes
RX0000362,P5366,42,Male,Drug_58,25,Once daily,301,2025-06-01,4,59,Dr. Collins,Oncology,Cannon-Vargas Pharmacy,Stricklandborough,BlueCross,53.97,90.4,Yes
RX0000363,P7429,42,Female,Drug_16,10,Once daily,168,2025-11-26,4,31,Dr. Tyler,Cardiology,Turner-Abbott Pharmacy,New Lauren,BlueCross,29.26,96.0,No
RX0000364,P2169,34,Male,Drug_47,5,As needed,184,2025-02-01,1,84,Dr. Bailey,Oncology,Martinez Inc Pharmacy,Lake Noah,Cigna,95.12,58.5,Yes
RX0000365,P9899,29,Female,Drug_29,100,As needed,334,2024-11-20,10,87,Dr. Powell,Psychiatry,Webb Group Pharmacy,Scotthaven,Aetna,63.82,91.6,No
RX0000366,P8702,69,Male,Drug_38,50,Three times daily,334,2025-03-31,3,76,Dr. Jones,Cardiology,"Haley, Morales and Dorsey Pharmacy",Port Kathryn,Aetna,26.87,80.0,No
RX0000367,P3975,28,Male,Drug_38,20,Twice daily,258,2025-01-18,1,60,Dr. Watkins,Psychiatry,"Hawkins, Gordon and Porter Pharmacy",Jessicatown,Aetna,41.48,97.5,No
RX0000368,P4148,27,Female,Drug_21,5,As needed,48,2024-09-12,1,54,Dr. Martin,Pulmonology,"Love, Fowler and Bauer Pharmacy",North Victorborough,Aetna,73.52,56.3,Yes
RX0000369,P5097,77,Male,Drug_27,1000,Twice daily,248,2026-03-03,11,52,Dr. Conway,Psychiatry,Brown Inc Pharmacy,Finleymouth,Medicaid,33.28,56.2,No
RX0000370,P7251,71,Female,Drug_13,500,Three times daily,348,2026-03-06,7,72,Dr. Powell,Pulmonology,"Rogers, Carlson and Kelley Pharmacy",Kennethberg,Medicaid,88.56,82.3,No
RX0000371,P1206,80,Female,Drug_48,100,Once daily,97,2025-12-27,3,50,Dr. Ramos,Pulmonology,Mccann LLC Pharmacy,West Haleybury,UnitedHealth,20.74,95.7,No
RX0000372,P2998,37,Male,Drug_44,100,As needed,34,2024-09-29,11,45,Dr. Martinez,Pulmonology,Brooks LLC Pharmacy,South Candacefurt,BlueCross,30.13,89.5,No
RX0000373,P5078,22,Female,Drug_58,25,Weekly,161,2023-12-29,3,33,Dr. Diaz,Psychiatry,"Brown, Wells and Hughes Pharmacy",Anthonyport,Medicaid,18.77,83.6,No
RX0000374,P7304,58,Male,Drug_21,10,Weekly,125,2023-10-06,6,72,Dr. Reynolds,Pulmonology,"Hansen, Vaughn and Brown Pharmacy",Jessicashire,Aetna,14.9,63.2,No
RX0000375,P8257,80,Male,Drug_15,25,Weekly,226,2024-12-06,3,75,Dr. King,Pulmonology,Brooks LLC Pharmacy,North Michaelfurt,Aetna,33.53,83.1,Yes
RX0000376,P5049,73,Male,Drug_50,10,Weekly,353,2025-10-21,8,37,Dr. Watkins,Neurology,"Gamble, Roberts and Clements Pharmacy",Iantown,Medicaid,99.92,88.1,No
RX0000377,P1549,49,Other,Drug_8,200,Weekly,270,2025-11-15,8,35,Dr. Taylor,Oncology,Hurst LLC Pharmacy,Port Sue,Medicare,13.96,85.2,No
RX0000378,P4263,44,Male,Drug_21,1000,Weekly,127,2025-12-12,11,82,Dr. Perry,Pulmonology,Johnson Ltd Pharmacy,Coffeyfort,UnitedHealth,25.24,80.6,Yes
RX0000379,P8550,85,Female,Drug_15,10,Weekly,52,2024-01-01,2,84,Dr. Martin,Cardiology,"Grant, Daniels and James Pharmacy",Warrenhaven,BlueCross,30.8,42.8,Yes
RX0000380,P2539,65,Other,Drug_7,1000,As needed,286,2025-11-09,5,56,Dr. Acosta,Cardiology,"Williamson, Williams and Miller Pharmacy",New Alecfort,Cigna,63.82,79.6,Yes
RX0000381,P9538,24,Male,Drug_16,1000,Weekly,121,2024-05-08,6,80,Dr. David,Neurology,Smith Group Pharmacy,West Aprilshire,UnitedHealth,75.81,68.7,Yes
RX0000382,P4415,63,Female,Drug_48,500,Weekly,174,2023-12-28,2,86,Dr. Thomas,Psychiatry,Gibbs-Johnson Pharmacy,Mitchellton,BlueCross,76.43,97.7,Yes
RX0000383,P8746,35,Female,Drug_27,5,Three times daily,252,2024-03-16,3,65,Dr. Campbell,Psychiatry,"Mason, Lee and Chan Pharmacy",Danielchester,BlueCross,5.82,76.4,Yes
RX0000384,P7375,55,Male,Drug_56,50,As needed,286,2026-01-12,0,89,Dr. Garcia,Psychiatry,"Gomez, Park and Ramos Pharmacy",New Brandon,BlueCross,66.93,76.5,Yes
RX0000385,P6113,82,Male,Drug_13,25,Three times daily,240,2026-03-03,10,65,Dr. Evans,Pulmonology,"Green, Moyer and Rogers Pharmacy",Cynthiaport,UnitedHealth,64.92,99.6,No
RX0000386,P6293,34,Male,Drug_25,200,Twice daily,28,2026-02-01,8,53,Dr. Thomas,Psychiatry,Baker-Riddle Pharmacy,Cherryport,UnitedHealth,54.18,45.6,No
RX0000387,P3598,55,Female,Drug_58,500,Weekly,208,2026-01-20,6,35,Dr. Watkins,Psychiatry,Mccoy-Roman Pharmacy,Ballton,Medicaid,41.02,56.6,No
RX0000388,P1691,80,Female,Drug_15,500,Once daily,74,2025-07-13,9,72,Dr. Frazier,Oncology,"Gallagher, Adams and Sanders Pharmacy",South Amber,BlueCross,80.76,79.4,No
RX0000389,P9534,59,Male,Drug_5,10,Weekly,142,2024-08-08,6,62,Dr. Gray,Pulmonology,Franklin-Martin Pharmacy,New Brandonmouth,Aetna,37.67,58.9,No
RX0000390,P3001,25,Male,Drug_31,20,Weekly,237,2026-03-05,8,31,Dr. Beasley,Pulmonology,Marquez and Sons Pharmacy,Victoriaside,BlueCross,26.85,60.8,No
RX0000391,P5150,47,Female,Drug_38,200,Three times daily,64,2023-12-23,11,70,Dr. Doyle,Cardiology,"Munoz, Erickson and Jackson Pharmacy",Julieville,Aetna,34.46,93.6,No
RX0000392,P8884,81,Male,Drug_32,25,Twice daily,21,2024-07-08,5,45,Dr. Doyle,Cardiology,Lamb Ltd Pharmacy,North Meganland,Medicaid,46.77,74.8,Yes
RX0000393,P5895,26,Female,Drug_4,100,Three times daily,270,2026-07-06,7,67,Dr. King,Oncology,"Smith, Ayala and Herrera Pharmacy",Brownberg,Medicaid,25.34,46.2,No
RX0000394,P4255,74,Male,Drug_57,500,As needed,176,2024-01-15,4,84,Dr. Santiago,Neurology,Patrick-Edwards Pharmacy,Heathertown,BlueCross,62.72,58.7,No
RX0000395,P6905,76,Female,Drug_28,500,Twice daily,297,2023-10-02,7,88,Dr. Watkins,Pulmonology,"Downs, Crawford and Davis Pharmacy",North Keithmouth,UnitedHealth,89.0,44.6,No
RX0000396,P1853,84,Female,Drug_10,200,Twice daily,175,2024-12-10,11,38,Dr. Evans,Cardiology,Martinez Group Pharmacy,East Elizabeth,Aetna,61.57,73.4,Yes
RX0000397,P4568,92,Male,Drug_14,10,Twice daily,54,2024-09-05,9,80,Dr. Doyle,Psychiatry,Morris-Simmons Pharmacy,North Sydney,Aetna,47.43,50.4,No
RX0000398,P2850,22,Male,Drug_60,10,Three times daily,102,2025-12-06,0,34,Dr. Miller,Pulmonology,"Jackson, Wolf and Oconnell Pharmacy",Williamview,Aetna,80.7,91.4,Yes
RX0000399,P4866,21,Female,Drug_40,20,Weekly,333,2024-01-06,2,82,Dr. Patterson,Pulmonology,"Mccoy, Jennings and Chambers Pharmacy",West Thomasport,Aetna,76.06,74.6,No
RX0000400,P8113,25,Male,Drug_30,25,Weekly,50,2023-10-06,3,39,Dr. Frazier,Pulmonology,Morris-Kim Pharmacy,South Stephenberg,Cigna,39.87,43.6,No
RX0000401,P6316,59,Male,Drug_12,5,Weekly,359,2024-01-18,10,59,Dr. Morris,Cardiology,"Gonzalez, Cunningham and Ellis Pharmacy",Reynoldsside,Medicaid,62.39,58.1,No
RX0000402,P1246,52,Female,Drug_25,50,Weekly,246,2024-06-15,8,36,Dr. Obrien,Oncology,Sanders-Watson Pharmacy,Jacksonland,Aetna,74.34,77.0,Yes
RX0000403,P3742,30,Male,Drug_24,200,Weekly,297,2026-05-17,7,58,Dr. Hall,Cardiology,Pearson-Pierce Pharmacy,Raymondborough,Cigna,28.32,60.1,No
RX0000404,P5523,22,Male,Drug_9,50,As needed,289,2025-06-09,7,31,Dr. Collins,Psychiatry,Wood Ltd Pharmacy,West Jackland,Cigna,39.8,70.8,Yes
RX0000405,P2960,57,Female,Drug_30,200,Once daily,76,2023-09-23,1,49,Dr. Guzman,Psychiatry,Ward and Sons Pharmacy,North Andreashire,Medicaid,15.05,94.6,Yes
RX0000406,P7484,36,Female,Drug_47,50,Twice daily,259,2026-07-06,6,88,Dr. Doyle,Neurology,Jones-Rogers Pharmacy,New Scottburgh,Medicare,98.83,61.0,No
RX0000407,P4982,21,Male,Drug_13,500,Once daily,72,2025-06-20,11,33,Dr. Beasley,Cardiology,Hodges-Pierce Pharmacy,West Lisa,BlueCross,13.16,60.2,No
RX0000408,P1146,76,Female,Drug_41,200,As needed,333,2026-01-18,2,57,Dr. Campbell,Cardiology,Briggs-Galvan Pharmacy,East Amyfurt,Medicaid,21.02,89.2,No
RX0000409,P1688,35,Female,Drug_23,5,Weekly,342,2024-03-18,5,37,Dr. Kelly,Neurology,Glenn-Khan Pharmacy,South Garrettborough,Medicare,50.58,59.1,No
RX0000410,P8786,41,Female,Drug_18,5,As needed,291,2024-12-08,3,87,Dr. King,Neurology,"Lewis, Cameron and Jennings Pharmacy",Lake Antoniobury,UnitedHealth,87.2,44.7,Yes
RX0000411,P3539,48,Male,Drug_13,50,As needed,37,2025-10-07,5,64,Dr. Taylor,Pulmonology,Moses Ltd Pharmacy,North David,BlueCross,38.81,50.9,No
RX0000412,P7084,75,Male,Drug_22,10,Once daily,220,2025-04-26,3,31,Dr. Martinez,Pulmonology,Clark and Sons Pharmacy,Port Sheliamouth,BlueCross,78.02,96.9,No
RX0000413,P2466,45,Female,Drug_9,1000,Twice daily,187,2025-05-11,2,70,Dr. Evans,Psychiatry,Perez and Sons Pharmacy,Lake Ernest,BlueCross,69.22,96.0,No
RX0000414,P5075,26,Female,Drug_3,10,Three times daily,208,2026-01-25,1,57,Dr. Hogan,Oncology,"Brown, Davies and Sparks Pharmacy",South Kathryn,Cigna,65.67,53.5,No
RX0000415,P3583,62,Female,Drug_45,1000,Three times daily,74,2023-12-20,3,40,Dr. Garcia,Psychiatry,Smith-Richards Pharmacy,Jordanfurt,Aetna,85.28,73.2,No
RX0000416,P9190,66,Male,Drug_37,10,Twice daily,31,2024-12-16,9,65,Dr. Martin,Cardiology,Moody LLC Pharmacy,East Tyler,BlueCross,6.35,48.2,No
RX0000417,P2497,19,Female,Drug_4,25,Weekly,254,2024-08-08,1,38,Dr. Martinez,Oncology,Murphy-Bauer Pharmacy,Cartermouth,Aetna,93.27,80.5,No
RX0000418,P6544,23,Female,Drug_18,20,As needed,343,2025-11-26,6,67,Dr. Price,Pulmonology,"Rice, Best and Cole Pharmacy",Leslieside,BlueCross,83.78,51.1,No
RX0000419,P1983,46,Male,Drug_9,100,Weekly,349,2024-08-24,0,30,Dr. Guzman,Neurology,"Owens, Collins and Nelson Pharmacy",West Deniseland,Cigna,94.1,43.0,No
RX0000420,P1979,43,Male,Drug_8,25,As needed,166,2025-11-14,10,56,Dr. Hogan,Neurology,Barrera Inc Pharmacy,North Raymondfort,UnitedHealth,80.39,89.5,No
RX0000421,P6824,45,Female,Drug_55,1000,Three times daily,286,2023-12-27,0,32,Dr. Tyler,Psychiatry,Keller-Beard Pharmacy,Bryanchester,BlueCross,88.47,59.5,Yes
RX0000422,P3521,24,Female,Drug_30,1000,Twice daily,263,2025-11-26,4,68,Dr. Diaz,Cardiology,Castaneda-Robinson Pharmacy,South David,Medicaid,24.29,46.5,Yes
RX0000423,P9787,51,Male,Drug_30,1000,Once daily,117,2025-01-17,6,38,Dr. Peterson,Cardiology,Fischer-Clark Pharmacy,Hicksburgh,Medicare,35.33,90.0,No
RX0000424,P2759,73,Female,Drug_27,20,Once daily,53,2024-05-15,0,69,Dr. Anderson,Neurology,"Meadows, Smith and Wyatt Pharmacy",Staffordhaven,BlueCross,34.95,85.7,Yes
RX0000425,P3061,27,Female,Drug_11,20,Twice daily,185,2025-09-02,11,57,Dr. Price,Psychiatry,"Rojas, Sullivan and Duncan Pharmacy",Lake Jennifer,Medicare,15.37,81.0,No
RX0000426,P8992,74,Female,Drug_49,25,Three times daily,42,2025-01-25,11,50,Dr. Watkins,Psychiatry,Kennedy-Henry Pharmacy,Port Marybury,Medicare,74.31,94.7,No
RX0000427,P4812,64,Female,Drug_22,1000,As needed,204,2024-06-20,3,57,Dr. Doyle,Pulmonology,Monroe and Sons Pharmacy,East Samantha,Cigna,17.94,69.4,No
RX0000428,P6189,44,Female,Drug_15,100,Once daily,48,2024-11-10,4,74,Dr. Guzman,Pulmonology,Martin-Shelton Pharmacy,Hendersonmouth,UnitedHealth,9.99,47.7,No
RX0000429,P6690,56,Male,Drug_57,1000,Three times daily,338,2024-08-09,1,53,Dr. Harris,Pulmonology,Thompson-Shaw Pharmacy,Kylechester,Medicare,78.67,43.7,Yes
RX0000430,P8187,39,Male,Drug_19,500,Twice daily,96,2025-01-28,6,47,Dr. Jones,Oncology,Palmer-Watts Pharmacy,Aaronhaven,Cigna,90.94,59.1,No
RX0000431,P4161,36,Female,Drug_39,200,Weekly,351,2025-06-20,3,80,Dr. Reynolds,Psychiatry,Liu-Lynch Pharmacy,Port Edwardside,UnitedHealth,77.59,45.2,Yes
RX0000432,P1349,26,Male,Drug_11,50,Three times daily,74,2024-05-20,7,85,Dr. Kelly,Psychiatry,"Thompson, Williams and Smith Pharmacy",Daniellefort,BlueCross,83.41,72.1,No
RX0000433,P7189,36,Female,Drug_51,1000,Three times daily,76,2026-07-21,0,38,Dr. Lee,Pulmonology,Krause-Perez Pharmacy,South Anna,Aetna,61.58,40.9,No
RX0000434,P6868,19,Female,Drug_51,25,Weekly,116,2025-08-29,9,55,Dr. Kelly,Neurology,Smith-Love Pharmacy,East Bonniechester,Cigna,89.34,66.6,No
RX0000435,P3207,78,Male,Drug_41,25,Three times daily,357,2024-11-05,0,53,Dr. Patterson,Pulmonology,"Edwards, Stevenson and Cochran Pharmacy",North Debra,Medicare,52.19,50.7,Yes
RX0000436,P5107,76,Female,Drug_40,500,Once daily,28,2025-01-06,0,81,Dr. Watkins,Oncology,"Burns, Johnson and Hicks Pharmacy",Madisonberg,Medicare,98.89,62.1,No
RX0000437,P1646,87,Female,Drug_58,25,Once daily,283,2026-08-06,3,35,Dr. Miller,Neurology,Garcia-White Pharmacy,Port Michaelchester,BlueCross,14.82,80.5,Yes
RX0000438,P8951,88,Male,Drug_11,200,Once daily,201,2025-08-21,0,88,Dr. Hall,Psychiatry,Jackson-Orozco Pharmacy,Cabreraburgh,Cigna,81.87,61.1,No
RX0000439,P8168,87,Male,Drug_37,25,Three times daily,51,2025-07-06,4,82,Dr. Anderson,Oncology,Watkins-Lopez Pharmacy,Geraldfort,BlueCross,65.93,60.5,No
RX0000440,P5828,50,Female,Drug_36,5,Three times daily,117,2026-01-29,5,41,Dr. Collins,Oncology,"Powell, Anderson and Randall Pharmacy",Lake Jamesfurt,Cigna,60.16,99.4,Yes
RX0000441,P9892,82,Male,Drug_55,1000,Three times daily,215,2025-01-02,6,65,Dr. Collins,Neurology,Sweeney-Stone Pharmacy,Port Brad,Aetna,73.95,83.1,No
RX0000442,P9029,42,Female,Drug_15,25,Twice daily,236,2024-03-13,7,38,Dr. Hogan,Pulmonology,"Foster, Mays and Lopez Pharmacy",East Brandyview,Medicaid,84.83,70.8,No
RX0000443,P4109,87,Male,Drug_6,20,Weekly,184,2025-09-30,7,39,Dr. Obrien,Pulmonology,Mccarty Inc Pharmacy,East Courtneyburgh,BlueCross,86.97,74.8,No
RX0000444,P4057,45,Male,Drug_27,20,Three times daily,256,2025-02-25,1,32,Dr. Guzman,Cardiology,"Cooper, Brandt and Valencia Pharmacy",West Davidstad,Medicare,21.66,77.2,No
RX0000445,P9906,35,Male,Drug_55,1000,Weekly,334,2026-01-21,11,78,Dr. King,Neurology,"Marshall, Farrell and Becker Pharmacy",Brianhaven,BlueCross,23.72,41.5,No
RX0000446,P6696,80,Female,Drug_34,500,As needed,17,2026-03-21,3,58,Dr. Blevins,Pulmonology,"Harris, Rivera and Brown Pharmacy",Allisonside,Cigna,6.54,44.8,No
RX0000447,P6303,66,Male,Drug_32,200,Once daily,258,2024-10-30,6,36,Dr. Lopez,Oncology,Johnson-Daniels Pharmacy,West Michelle,BlueCross,17.53,79.0,No
RX0000448,P8674,83,Male,Drug_56,200,Twice daily,350,2024-01-04,8,55,Dr. David,Pulmonology,Lara-Bray Pharmacy,Williamsshire,Aetna,30.07,61.9,No
RX0000449,P5510,57,Female,Drug_14,25,Weekly,241,2026-07-02,8,37,Dr. Morris,Pulmonology,Thompson Group Pharmacy,Lake Ginaville,Cigna,73.5,43.3,No
RX0000450,P3627,83,Male,Drug_38,20,Once daily,142,2024-05-18,10,72,Dr. Martin,Oncology,"Johnson, Bryant and Davis Pharmacy",Port Michellefurt,UnitedHealth,50.2,57.9,No
RX0000451,P2128,21,Male,Drug_31,25,Twice daily,260,2025-03-27,2,42,Dr. Martinez,Neurology,Brown Ltd Pharmacy,New Michele,Medicare,77.0,47.8,No
RX0000452,P9702,51,Male,Drug_54,100,Once daily,60,2025-01-13,11,64,Dr. Powell,Cardiology,Smith PLC Pharmacy,Cruztown,Medicare,51.22,95.0,No
RX0000453,P3539,22,Male,Drug_30,25,Three times daily,135,2023-09-09,6,48,Dr. Miller,Pulmonology,"Stevenson, Hopkins and Duran Pharmacy",Lake Kennethshire,Cigna,57.78,52.2,No
RX0000454,P8362,39,Female,Drug_18,25,Three times daily,232,2025-12-16,3,75,Dr. Hogan,Pulmonology,Johnson PLC Pharmacy,Cynthiaberg,UnitedHealth,15.55,48.6,No
RX0000455,P5844,37,Male,Drug_1,10,Once daily,26,2025-11-26,8,51,Dr. Doyle,Pulmonology,Thomas-Murray Pharmacy,West Justin,Aetna,78.77,77.6,No
RX0000456,P5314,64,Male,Drug_47,200,Twice daily,106,2023-09-02,6,45,Dr. Reynolds,Neurology,Garcia-Morrow Pharmacy,Conleyport,BlueCross,77.02,71.3,Yes
RX0000457,P9873,94,Female,Drug_28,100,Once daily,296,2024-07-01,5,44,Dr. Hogan,Oncology,Holland-Cisneros Pharmacy,East Jenniferburgh,Medicaid,34.22,74.6,No
RX0000458,P7014,51,Female,Drug_48,10,As needed,63,2024-11-01,8,31,Dr. Lopez,Oncology,"Jordan, Sims and Perez Pharmacy",South Karenberg,Medicare,36.21,66.2,No
RX0000459,P8439,61,Female,Drug_56,50,Twice daily,232,2024-03-01,6,67,Dr. Smith,Oncology,"Snow, Rosales and Gonzalez Pharmacy",Kyleville,Aetna,25.87,68.0,No
RX0000460,P1011,23,Female,Drug_16,100,Twice daily,147,2025-08-25,10,50,Dr. Tyler,Oncology,Morales PLC Pharmacy,New Michaelmouth,Aetna,82.31,86.7,No
RX0000461,P9289,73,Female,Drug_16,50,Once daily,131,2024-04-18,7,59,Dr. Diaz,Oncology,Pena-Hernandez Pharmacy,Ericside,Aetna,75.97,53.2,No
RX0000462,P7210,46,Female,Drug_21,25,Weekly,315,2026-07-22,10,36,Dr. Hogan,Oncology,Flores Inc Pharmacy,Lake Brandontown,BlueCross,62.87,63.8,No
RX0000463,P4039,70,Female,Drug_28,1000,Once daily,58,2025-11-04,4,60,Dr. Blevins,Pulmonology,Alexander-Hunter Pharmacy,West Austinchester,Aetna,27.69,97.5,No
RX0000464,P1306,18,Female,Drug_38,20,Weekly,140,2024-12-17,3,70,Dr. Campbell,Pulmonology,Thomas PLC Pharmacy,East James,Aetna,21.33,51.4,No
RX0000465,P6965,76,Female,Drug_15,10,Twice daily,298,2024-04-10,0,70,Dr. Hernandez,Oncology,Garza-Bush Pharmacy,Millerside,Cigna,9.78,57.6,Yes
RX0000466,P4912,65,Male,Drug_58,1000,Three times daily,159,2026-04-04,7,78,Dr. Collins,Oncology,Patterson-Williams Pharmacy,West Anthonyfurt,Cigna,9.33,51.5,No
RX0000467,P6254,24,Female,Drug_60,500,Three times daily,353,2026-02-26,5,84,Dr. Beasley,Neurology,Craig Ltd Pharmacy,Lake Vanessaville,Aetna,22.78,41.2,No
RX0000468,P2037,49,Female,Drug_38,1000,Once daily,192,2025-11-01,3,64,Dr. Blevins,Neurology,"Ellison, Lee and King Pharmacy",Torresberg,Aetna,14.55,56.2,No
RX0000469,P9830,78,Female,Drug_10,20,Weekly,245,2025-02-17,2,33,Dr. Harris,Psychiatry,"Mcintosh, Whitaker and Taylor Pharmacy",West Nicholastown,Cigna,57.83,42.8,No
RX0000470,P7348,74,Male,Drug_59,5,Once daily,189,2026-07-28,4,63,Dr. Hogan,Pulmonology,Murphy LLC Pharmacy,Amyborough,BlueCross,39.02,49.3,Yes
RX0000471,P4110,68,Male,Drug_37,5,As needed,357,2025-12-05,3,30,Dr. King,Oncology,Meyer-Green Pharmacy,Andersonhaven,Cigna,47.27,61.8,No
RX0000472,P9586,36,Male,Drug_58,20,Once daily,9,2025-04-09,10,39,Dr. Campbell,Pulmonology,Jones PLC Pharmacy,Taylorhaven,Cigna,61.44,41.2,Yes
RX0000473,P9151,44,Female,Drug_1,25,Once daily,290,2025-06-03,10,59,Dr. Powell,Psychiatry,"Robertson, Myers and Vargas Pharmacy",New Yvonne,Cigna,67.61,85.2,No
RX0000474,P3525,80,Male,Drug_27,10,Once daily,202,2025-11-07,6,61,Dr. Davenport,Neurology,"Stevens, Savage and Jackson Pharmacy",South Michelle,Cigna,66.58,87.7,No
RX0000475,P5638,77,Male,Drug_3,500,Once daily,172,2024-04-07,5,32,Dr. Harris,Psychiatry,Wood-Lewis Pharmacy,West Alexander,Medicaid,29.78,64.7,Yes
RX0000476,P6285,78,Male,Drug_3,20,Weekly,296,2025-02-17,2,39,Dr. Conway,Cardiology,Gordon-Diaz Pharmacy,Bennetthaven,Medicare,81.91,99.1,No
RX0000477,P7714,78,Male,Drug_31,25,Weekly,346,2023-12-21,11,38,Dr. Campbell,Neurology,"Wells, Newman and George Pharmacy",West Anna,BlueCross,92.18,80.7,No
RX0000478,P6276,62,Female,Drug_47,100,Weekly,147,2025-03-25,9,46,Dr. Obrien,Pulmonology,"Duarte, Richardson and Payne Pharmacy",East Melissaville,UnitedHealth,35.01,84.6,No
RX0000479,P2809,38,Female,Drug_50,100,As needed,117,2025-12-11,10,76,Dr. Blevins,Neurology,Holloway LLC Pharmacy,Lindastad,BlueCross,6.62,51.5,No
RX0000480,P2577,61,Male,Drug_33,10,As needed,267,2025-10-10,11,32,Dr. Perry,Psychiatry,Kerr-Duran Pharmacy,New Patricia,Aetna,90.42,90.2,No
RX0000481,P9572,18,Female,Drug_3,100,Once daily,194,2025-10-01,0,56,Dr. Smith,Oncology,Smith Ltd Pharmacy,Medinaberg,Medicaid,92.74,96.7,No
RX0000482,P2092,61,Male,Drug_28,25,Weekly,350,2024-06-12,6,82,Dr. Bailey,Psychiatry,Lee PLC Pharmacy,Haleyfort,Aetna,9.84,54.2,No
RX0000483,P1717,79,Male,Drug_34,50,As needed,364,2026-03-26,4,64,Dr. Acosta,Psychiatry,Shaw-Schneider Pharmacy,Loriview,BlueCross,5.47,81.2,No
RX0000484,P3126,78,Female,Drug_26,200,Three times daily,279,2025-08-11,0,33,Dr. Kelley,Oncology,Carter and Sons Pharmacy,South Brittanyview,BlueCross,82.56,84.8,No
RX0000485,P3926,67,Female,Drug_31,200,Once daily,191,2024-11-25,0,33,Dr. Martinez,Pulmonology,Montgomery-Woodward Pharmacy,Johnton,UnitedHealth,33.64,58.3,Yes
RX0000486,P1512,92,Female,Drug_52,100,Twice daily,293,2025-01-24,5,78,Dr. Smith,Pulmonology,"Montes, Taylor and Adams Pharmacy",Smithhaven,UnitedHealth,91.89,68.5,No
RX0000487,P4310,58,Male,Drug_52,100,Weekly,98,2026-07-23,3,61,Dr. Hogan,Neurology,Davis Inc Pharmacy,West Shellyborough,Aetna,25.59,45.9,No
RX0000488,P2753,50,Female,Drug_45,100,Once daily,200,2025-09-10,7,67,Dr. King,Psychiatry,Buck LLC Pharmacy,Allisonland,Medicare,86.81,50.4,No
RX0000489,P8952,29,Male,Drug_53,25,Once daily,355,2026-06-21,1,40,Dr. Thomas,Neurology,Fischer Inc Pharmacy,Port Chrisfort,Aetna,11.52,43.7,Yes
RX0000490,P4139,19,Male,Drug_7,20,Twice daily,344,2024-05-18,3,73,Dr. Obrien,Oncology,Kaiser Inc Pharmacy,Luisborough,Medicare,29.76,73.6,Yes
RX0000491,P2617,38,Male,Drug_29,5,Three times daily,317,2024-11-25,11,84,Dr. Powell,Cardiology,Martinez-Baldwin Pharmacy,West Toni,Medicare,97.45,77.5,No
RX0000492,P1521,31,Female,Drug_32,20,As needed,335,2025-09-11,7,89,Dr. Kelly,Pulmonology,Good Ltd Pharmacy,New Morganside,Cigna,26.96,95.0,Yes
RX0000493,P7366,51,Male,Drug_16,20,As needed,53,2023-09-15,11,68,Dr. Hogan,Oncology,"Hunt, Griffith and Stewart Pharmacy",Lewismouth,BlueCross,17.64,72.5,No
RX0000494,P9026,81,Male,Drug_6,1000,Twice daily,150,2026-04-07,7,74,Dr. Hogan,Pulmonology,Castro-Robinson Pharmacy,Rebekahshire,Cigna,86.42,55.6,No
RX0000495,P9615,40,Female,Drug_36,20,Twice daily,155,2024-05-29,4,35,Dr. Perry,Neurology,Santos-Glass Pharmacy,Floresborough,BlueCross,16.19,43.6,No
RX0000496,P5193,67,Male,Drug_49,500,As needed,356,2026-02-21,2,84,Dr. Hernandez,Cardiology,Gutierrez-Rivera Pharmacy,North Eric,Cigna,14.26,93.1,Yes
RX0000497,P1804,31,Male,Drug_1,500,Three times daily,329,2024-08-19,3,64,Dr. Morris,Psychiatry,Acevedo-Taylor Pharmacy,Boydfort,Medicare,35.73,68.7,No
RX0000498,P7002,93,Male,Drug_45,20,Three times daily,359,2023-11-25,2,82,Dr. Hogan,Pulmonology,"Nixon, Garcia and Page Pharmacy",Chungberg,Cigna,65.36,84.2,No
RX0000499,P4616,63,Male,Drug_47,100,Once daily,126,2024-07-13,10,75,Dr. Garcia,Psychiatry,Smith-Skinner Pharmacy,Keithchester,Medicaid,72.52,40.9,Yes
RX0000500,P2161,22,Female,Drug_27,500,Twice daily,140,2026-04-04,1,61,Dr. Garcia,Neurology,Leon and Sons Pharmacy,Lake Shannonview,Cigna,88.72,69.3,No
RX0000501,P1214,83,Female,Drug_14,500,Twice daily,203,2024-06-20,3,75,Dr. Diaz,Pulmonology,Crosby LLC Pharmacy,North Lindaborough,UnitedHealth,56.39,59.5,No
RX0000502,P4419,39,Male,Drug_9,1000,Twice daily,43,2024-06-25,8,52,Dr. Guzman,Neurology,Allen-Faulkner Pharmacy,North Coleside,UnitedHealth,42.37,41.8,No
RX0000503,P9051,87,Male,Drug_23,1000,As needed,193,2025-07-12,5,71,Dr. Bailey,Psychiatry,Garcia and Sons Pharmacy,Gomezhaven,Cigna,39.09,86.5,Yes
RX0000504,P2310,19,Female,Drug_19,500,As needed,219,2024-09-15,3,66,Dr. Gray,Neurology,Velasquez-Jenkins Pharmacy,East Matthew,Cigna,85.46,70.8,Yes
RX0000505,P8668,46,Female,Drug_16,200,As needed,116,2026-04-08,0,55,Dr. Garcia,Neurology,"Lewis, Perry and Rodriguez Pharmacy",New Jonathan,Medicaid,73.76,60.0,No
RX0000506,P1994,78,Female,Drug_42,20,Three times daily,193,2024-12-12,6,63,Dr. Powell,Neurology,Turner PLC Pharmacy,Padillaview,BlueCross,91.02,88.3,No
RX0000507,P6913,88,Male,Drug_6,200,As needed,84,2024-08-03,1,67,Dr. Thomas,Oncology,"Gonzalez, Mcdonald and Jones Pharmacy",East Joshuafort,Cigna,96.58,66.8,No
RX0000508,P7814,33,Male,Drug_2,25,Once daily,304,2023-08-21,11,84,Dr. Patterson,Oncology,"Jimenez, Payne and Butler Pharmacy",New Seanfurt,BlueCross,33.5,40.2,Yes
RX0000509,P7046,81,Female,Drug_31,10,As needed,336,2025-04-27,5,40,Dr. Campbell,Pulmonology,Johnson Ltd Pharmacy,Torresstad,UnitedHealth,55.32,96.7,No
RX0000510,P1955,31,Female,Drug_43,500,Three times daily,131,2023-10-21,9,79,Dr. Acosta,Neurology,"Barnes, White and Terrell Pharmacy",Lake Jamesmouth,Aetna,65.02,55.3,No
RX0000511,P5355,60,Male,Drug_20,10,Twice daily,322,2025-07-20,0,87,Dr. Patterson,Neurology,Murray and Sons Pharmacy,Troyside,Medicare,20.57,89.8,No
RX0000512,P9667,93,Male,Drug_11,5,Once daily,326,2024-04-08,6,85,Dr. Conway,Neurology,Gomez and Sons Pharmacy,Camposside,Aetna,10.07,89.0,No
RX0000513,P1666,60,Male,Drug_46,50,Three times daily,320,2025-06-19,3,50,Dr. Harris,Oncology,"Garrett, Hall and Strickland Pharmacy",Tanyafort,Medicaid,87.44,49.7,No
RX0000514,P2153,87,Male,Drug_30,1000,Weekly,8,2024-09-15,10,72,Dr. Frazier,Psychiatry,Fitzpatrick Group Pharmacy,Crossborough,Medicaid,55.87,68.4,Yes
RX0000515,P5979,72,Female,Drug_55,50,Twice daily,340,2025-01-03,2,53,Dr. Beasley,Neurology,Schwartz LLC Pharmacy,Victoriamouth,BlueCross,59.22,42.4,No
RX0000516,P2276,93,Female,Drug_37,10,As needed,77,2026-05-09,9,44,Dr. Reynolds,Cardiology,Vance LLC Pharmacy,Clarkberg,BlueCross,57.72,61.3,Yes
RX0000517,P4537,48,Male,Drug_48,25,Three times daily,218,2025-09-07,6,32,Dr. Taylor,Pulmonology,Curry LLC Pharmacy,Veronicaport,Cigna,76.72,83.9,No
RX0000518,P9511,93,Male,Drug_38,500,Weekly,14,2025-03-11,2,31,Dr. David,Oncology,Rodriguez and Sons Pharmacy,North Tracey,Aetna,18.82,54.2,No
RX0000519,P2591,91,Female,Drug_2,200,Three times daily,190,2023-08-30,7,36,Dr. Hogan,Psychiatry,"White, Li and Kelly Pharmacy",Michellemouth,BlueCross,63.33,47.0,No
RX0000520,P2658,57,Male,Drug_30,50,As needed,170,2026-08-11,10,34,Dr. Evans,Cardiology,Moore-Clark Pharmacy,Patelberg,UnitedHealth,49.6,70.4,No
RX0000521,P4784,44,Female,Drug_30,25,Three times daily,275,2024-04-29,3,82,Dr. Kelley,Neurology,"Hughes, Brown and Miller Pharmacy",Lake Jacqueline,BlueCross,90.21,72.2,Yes
RX0000522,P9710,69,Female,Drug_50,50,Weekly,301,2025-04-29,2,74,Dr. Morris,Oncology,"Savage, Morris and Bates Pharmacy",North Michelefort,UnitedHealth,54.36,80.5,Yes
RX0000523,P7313,24,Female,Drug_9,200,Three times daily,364,2023-12-11,6,69,Dr. Lee,Neurology,"Johnson, Reyes and Roach Pharmacy",Harmonchester,BlueCross,94.58,85.5,No
RX0000524,P4104,63,Female,Drug_56,50,Once daily,87,2025-06-16,6,58,Dr. Hernandez,Pulmonology,"Park, George and Brooks Pharmacy",North Stacey,Medicare,38.56,81.7,No
RX0000525,P4164,50,Female,Drug_46,500,Once daily,268,2023-11-14,8,70,Dr. Taylor,Oncology,Franco Group Pharmacy,South Cathy,BlueCross,96.85,90.7,No
RX0000526,P9621,25,Female,Drug_26,200,As needed,281,2025-07-11,9,61,Dr. Santiago,Cardiology,Smith-Ray Pharmacy,Lake Joanstad,Medicare,88.14,53.4,No
RX0000527,P5075,22,Male,Drug_12,200,Weekly,111,2026-03-23,6,59,Dr. Taylor,Psychiatry,"Chandler, Fuller and Peterson Pharmacy",Devinview,Medicaid,60.51,74.2,No
RX0000528,P3931,78,Female,Drug_51,1000,Weekly,315,2024-08-26,5,37,Dr. Doyle,Psychiatry,"Stewart, Mccann and Woods Pharmacy",Heatherview,Cigna,38.6,61.6,Yes
RX0000529,P7802,89,Male,Drug_56,500,Weekly,34,2024-12-02,2,61,Dr. Hogan,Pulmonology,Murphy Ltd Pharmacy,Natalieside,Aetna,40.71,97.7,Yes
RX0000530,P2728,77,Male,Drug_24,500,Weekly,53,2025-09-02,3,71,Dr. Jones,Psychiatry,Martinez Ltd Pharmacy,South Patrick,BlueCross,78.41,66.4,Yes
RX0000531,P6864,41,Male,Drug_41,100,Weekly,319,2024-04-08,7,31,Dr. Ramos,Psychiatry,Long PLC Pharmacy,Davidborough,Medicare,60.16,97.6,No
RX0000532,P8515,24,Female,Drug_30,200,Twice daily,61,2024-07-29,5,39,Dr. Morris,Pulmonology,Brooks-Ortiz Pharmacy,Lake Timothy,BlueCross,43.15,86.1,No
RX0000533,P7997,78,Male,Drug_46,500,Three times daily,85,2024-06-05,8,72,Dr. Price,Cardiology,Todd PLC Pharmacy,Mcclainburgh,BlueCross,65.43,83.1,No
RX0000534,P2705,53,Female,Drug_41,50,Weekly,7,2024-10-05,7,84,Dr. Harris,Oncology,Ward and Sons Pharmacy,West Beverly,Medicare,74.66,69.5,No
RX0000535,P3733,44,Female,Drug_1,10,Once daily,174,2025-03-07,7,72,Dr. Santiago,Oncology,"Smith, Morrow and Wilson Pharmacy",Port Arielshire,BlueCross,7.18,66.6,No
RX0000536,P3955,46,Male,Drug_56,200,Three times daily,29,2024-11-05,10,66,Dr. Doyle,Pulmonology,Mooney Group Pharmacy,Jerometown,Aetna,13.54,71.6,No
RX0000537,P7579,37,Female,Drug_41,20,As needed,234,2026-03-18,9,75,Dr. Hernandez,Neurology,Sherman-Becker Pharmacy,Robertbury,UnitedHealth,13.98,57.6,No
RX0000538,P9268,87,Female,Drug_5,500,As needed,304,2025-11-23,9,84,Dr. Powell,Pulmonology,"Baird, Herrera and Cooper Pharmacy",New Richard,UnitedHealth,27.03,94.3,No
RX0000539,P6529,93,Female,Drug_25,100,Weekly,266,2026-05-30,6,32,Dr. Frazier,Pulmonology,Flores-Johnson Pharmacy,Santiagoshire,UnitedHealth,45.56,87.7,No
RX0000540,P3591,93,Male,Drug_58,25,Twice daily,270,2025-06-20,9,81,Dr. Acosta,Pulmonology,Potts LLC Pharmacy,Fordburgh,UnitedHealth,81.35,88.1,No
RX0000541,P9747,20,Female,Drug_45,10,Twice daily,170,2024-10-15,10,52,Dr. Davenport,Pulmonology,Johnson Group Pharmacy,Sallystad,Medicaid,38.35,66.0,Yes
RX0000542,P8258,56,Female,Drug_22,200,Three times daily,16,2024-08-20,0,63,Dr. Price,Psychiatry,Randolph-Martinez Pharmacy,North Williamside,Cigna,6.66,44.3,No
RX0000543,P6772,62,Male,Drug_34,5,Twice daily,122,2024-08-03,4,47,Dr. Acosta,Psychiatry,Miller and Sons Pharmacy,Port Michael,BlueCross,50.92,81.0,No
RX0000544,P6163,85,Male,Drug_3,200,As needed,164,2023-10-03,6,62,Dr. Anderson,Cardiology,"Neal, Flowers and Lozano Pharmacy",Katelynview,Medicare,99.68,62.5,No
RX0000545,P6319,48,Male,Drug_19,200,Weekly,362,2026-04-20,9,62,Dr. Kelly,Pulmonology,James-Williams Pharmacy,Potterview,Aetna,38.16,92.2,Yes
RX0000546,P7090,55,Female,Drug_28,20,Once daily,278,2024-01-22,8,89,Dr. Tyler,Oncology,Roberts Group Pharmacy,Brandonmouth,BlueCross,96.32,86.8,Yes
RX0000547,P7755,23,Male,Drug_49,25,As needed,164,2026-06-15,11,46,Dr. Powell,Neurology,"Johnson, Martinez and Cabrera Pharmacy",Jamestown,Medicaid,14.63,48.7,Yes
RX0000548,P8054,25,Male,Drug_18,25,As needed,326,2025-08-14,3,35,Dr. Thomas,Psychiatry,"Mcmahon, Melton and Bailey Pharmacy",Lisastad,Medicaid,21.44,76.1,Yes
RX0000549,P6299,45,Female,Drug_45,25,Three times daily,208,2024-11-07,7,42,Dr. Garcia,Oncology,"Gonzales, Pace and Sandoval Pharmacy",New Kimberly,Medicare,73.79,81.5,No
RX0000550,P4943,32,Male,Drug_40,1000,Twice daily,127,2024-11-03,0,50,Dr. Bailey,Psychiatry,Johnson Group Pharmacy,West Steven,BlueCross,52.62,74.1,Yes
RX0000551,P9939,25,Female,Drug_35,100,Once daily,145,2026-03-30,3,60,Dr. Tyler,Cardiology,Ruiz-Tapia Pharmacy,Emilyland,UnitedHealth,77.69,70.8,No
RX0000552,P4504,71,Male,Drug_37,1000,Once daily,168,2025-09-08,3,87,Dr. Tyler,Neurology,Hendricks-Olson Pharmacy,Lake Theresa,BlueCross,87.04,53.7,No
RX0000553,P7145,23,Female,Drug_51,25,Twice daily,214,2026-06-05,1,85,Dr. Thomas,Psychiatry,"Mcguire, Williams and Velazquez Pharmacy",Jacksonmouth,BlueCross,28.85,54.2,No
RX0000554,P5162,46,Male,Drug_14,200,Weekly,61,2024-08-24,10,50,Dr. Conway,Neurology,Parker-Walters Pharmacy,East Kevinview,Medicaid,69.87,86.1,Yes
RX0000555,P6898,51,Female,Drug_51,1000,Twice daily,345,2025-12-28,10,62,Dr. Lee,Neurology,"Jones, Larson and Williams Pharmacy",North Antonio,BlueCross,62.72,41.1,No
RX0000556,P8412,24,Female,Drug_44,20,Weekly,266,2024-12-13,2,57,Dr. Taylor,Oncology,Knight-Cantrell Pharmacy,Knoxfort,UnitedHealth,86.85,86.7,Yes
RX0000557,P8331,57,Female,Drug_6,20,Once daily,50,2025-05-02,2,85,Dr. Wilson,Psychiatry,Melendez-Petty Pharmacy,Lake Joshua,BlueCross,45.86,71.6,Yes
RX0000558,P7505,91,Female,Drug_40,100,Three times daily,165,2026-06-01,8,35,Dr. Jones,Neurology,West-Montgomery Pharmacy,Williamburgh,BlueCross,9.93,96.2,No
RX0000559,P1003,30,Male,Drug_57,500,As needed,310,2025-08-22,6,37,Dr. Acosta,Pulmonology,Jackson Inc Pharmacy,North Randyhaven,BlueCross,59.55,99.8,No
RX0000560,P1567,79,Male,Drug_22,5,Once daily,361,2024-03-28,1,42,Dr. Miller,Neurology,"Ward, Obrien and Shepherd Pharmacy",Fraziertown,UnitedHealth,96.09,79.8,Yes
RX0000561,P5660,82,Female,Drug_48,25,Once daily,104,2026-07-05,8,63,Dr. Smith,Neurology,"Owens, Flores and Harris Pharmacy",New Alyssa,UnitedHealth,6.39,64.7,No
RX0000562,P1267,58,Female,Drug_60,500,Once daily,32,2025-05-01,7,87,Dr. Taylor,Psychiatry,Moss Ltd Pharmacy,Lake Sherichester,Medicare,27.82,68.5,Yes
RX0000563,P9480,59,Female,Drug_4,100,As needed,204,2024-04-15,5,69,Dr. Davenport,Pulmonology,"Hernandez, Mccann and Williams Pharmacy",South Timothystad,Medicaid,35.03,52.3,No
RX0000564,P3213,83,Male,Drug_33,10,Weekly,103,2026-01-19,5,51,Dr. Kelly,Neurology,"Underwood, Johnson and Banks Pharmacy",West Jennifer,Cigna,77.75,46.0,No
RX0000565,P5945,28,Female,Drug_59,500,Three times daily,245,2025-05-05,11,30,Dr. Kelley,Psychiatry,"Baker, Sosa and Reed Pharmacy",Port Michael,Medicare,35.71,74.7,No
RX0000566,P1107,67,Female,Drug_44,5,Three times daily,18,2026-02-19,1,42,Dr. Powell,Psychiatry,"Benson, Chambers and Rodriguez Pharmacy",New Rebeccaburgh,UnitedHealth,27.71,88.3,Yes
RX0000567,P5920,88,Male,Drug_24,5,Three times daily,51,2026-05-17,2,30,Dr. Hall,Neurology,Boyle LLC Pharmacy,Williamsport,BlueCross,66.61,55.7,No
RX0000568,P4635,52,Female,Drug_57,200,Weekly,15,2026-01-16,5,39,Dr. Hogan,Cardiology,Oneill Group Pharmacy,Christianchester,Cigna,9.41,65.2,No
RX0000569,P4519,37,Male,Drug_4,20,Twice daily,7,2026-07-26,11,89,Dr. Campbell,Cardiology,Becker Inc Pharmacy,Nicoleburgh,Aetna,21.21,73.3,Yes
RX0000570,P6159,45,Female,Drug_8,500,Twice daily,333,2024-11-15,2,34,Dr. Hernandez,Oncology,Johnston-Mcintosh Pharmacy,New Barbara,Cigna,43.76,94.5,No
RX0000571,P1355,54,Male,Drug_25,1000,Three times daily,216,2024-08-01,10,84,Dr. Conway,Cardiology,Evans LLC Pharmacy,Williamshire,Medicare,38.78,48.3,No
RX0000572,P5521,20,Male,Drug_24,500,Once daily,60,2023-08-31,10,49,Dr. Peterson,Cardiology,"Russell, Blair and Lewis Pharmacy",New Dawnfort,Medicaid,37.98,54.2,No
RX0000573,P9376,76,Male,Drug_30,5,Once daily,110,2025-01-30,6,42,Dr. Thomas,Psychiatry,"Jacobs, Jones and Marshall Pharmacy",Stephaniebury,Medicare,15.31,95.1,No
RX0000574,P3534,90,Female,Drug_40,5,As needed,158,2023-11-24,4,87,Dr. David,Psychiatry,Hull-Gibbs Pharmacy,Mooreville,Medicaid,39.28,42.4,Yes
RX0000575,P2544,44,Female,Drug_3,100,Twice daily,16,2026-04-28,3,66,Dr. Lopez,Neurology,"Sims, Henry and Scott Pharmacy",Lopezshire,Medicaid,80.81,79.4,No
RX0000576,P1618,49,Male,Drug_24,5,Once daily,46,2025-08-12,7,39,Dr. Davenport,Neurology,"Cervantes, Wells and May Pharmacy",Port Jeffreyland,UnitedHealth,44.32,78.4,No
RX0000577,P8542,65,Other,Drug_24,500,Three times daily,50,2025-01-07,10,32,Dr. Smith,Psychiatry,Lewis-Hobbs Pharmacy,Angeltown,Medicaid,60.69,63.0,Yes
RX0000578,P6827,63,Female,Drug_12,100,As needed,274,2023-12-13,10,63,Dr. Blevins,Neurology,Ramirez Group Pharmacy,Morganburgh,Aetna,20.54,68.1,No
RX0000579,P3557,64,Female,Drug_42,50,Twice daily,284,2023-09-24,1,63,Dr. Garcia,Psychiatry,Hernandez and Sons Pharmacy,East Stephen,Cigna,11.62,91.3,No
RX0000580,P3267,57,Male,Drug_36,100,As needed,161,2026-06-17,2,59,Dr. Collins,Cardiology,Wang Ltd Pharmacy,Jesseberg,Medicare,88.6,49.9,No
RX0000581,P5341,20,Male,Drug_46,25,Once daily,88,2025-02-01,9,66,Dr. Jones,Neurology,Clark-Mitchell Pharmacy,Jameschester,Medicare,36.48,53.9,No
RX0000582,P7014,92,Female,Drug_5,5,Three times daily,203,2024-08-31,11,33,Dr. Conway,Cardiology,"Davis, Rodriguez and Harris Pharmacy",North Jamesburgh,Medicaid,38.28,70.7,No
RX0000583,P5093,46,Male,Drug_36,200,Three times daily,58,2025-09-03,3,63,Dr. Doyle,Oncology,"Smith, Henry and Coleman Pharmacy",East Anthonystad,UnitedHealth,88.38,64.6,Yes
RX0000584,P4817,75,Female,Drug_46,1000,Three times daily,229,2025-10-18,11,61,Dr. Morris,Neurology,Davis-Scott Pharmacy,Port Johnchester,Aetna,72.24,74.5,Yes
RX0000585,P5198,67,Male,Drug_50,25,Once daily,65,2026-03-17,9,50,Dr. King,Psychiatry,Marquez PLC Pharmacy,South Justinhaven,Aetna,76.84,95.3,No
RX0000586,P5920,27,Male,Drug_14,25,Weekly,300,2025-05-16,5,87,Dr. Powell,Psychiatry,Stephens LLC Pharmacy,East Kimberlyport,BlueCross,69.79,95.0,No
RX0000587,P2505,78,Male,Drug_9,1000,Three times daily,282,2025-10-09,4,70,Dr. Kelley,Oncology,Harris-Wilson Pharmacy,Andradehaven,Aetna,15.05,53.8,No
RX0000588,P7550,78,Female,Drug_22,25,Weekly,340,2024-04-22,4,53,Dr. Hall,Psychiatry,Mann PLC Pharmacy,West Michael,Medicaid,96.01,58.1,No
RX0000589,P4562,40,Male,Drug_16,25,Three times daily,282,2024-04-05,6,38,Dr. Peterson,Cardiology,Sandoval-Brooks Pharmacy,Steeleside,Medicaid,91.37,49.7,No
RX0000590,P2264,23,Male,Drug_35,500,Weekly,363,2025-06-23,7,70,Dr. Garcia,Psychiatry,Brandt-Castro Pharmacy,East Richard,Cigna,27.44,95.7,No
RX0000591,P6319,92,Female,Drug_8,25,Twice daily,116,2023-10-26,5,53,Dr. Morris,Oncology,Brown-Ruiz Pharmacy,Thomashaven,Medicaid,81.38,63.9,Yes
RX0000592,P8905,77,Female,Drug_42,1000,Twice daily,36,2025-08-14,2,54,Dr. Beasley,Pulmonology,"Scott, Graham and Harvey Pharmacy",New Melaniefort,Cigna,43.89,67.0,No
RX0000593,P3832,44,Female,Drug_31,500,Three times daily,113,2023-11-20,3,65,Dr. Garcia,Pulmonology,English PLC Pharmacy,Kellyview,Aetna,69.96,88.2,No
RX0000594,P8999,72,Female,Drug_48,50,As needed,303,2024-07-30,0,37,Dr. Hernandez,Cardiology,"Ward, Watson and Miller Pharmacy",North Yvettefurt,BlueCross,20.73,70.8,No
RX0000595,P2562,48,Male,Drug_49,1000,As needed,346,2023-11-16,10,79,Dr. Campbell,Pulmonology,Phillips-Le Pharmacy,Ronaldhaven,UnitedHealth,56.16,47.2,Yes
RX0000596,P5921,47,Male,Drug_38,500,Once daily,333,2023-09-28,4,70,Dr. Collins,Psychiatry,Garcia-Mason Pharmacy,Andrewville,Medicare,17.03,66.3,No
RX0000597,P1612,84,Female,Drug_56,25,Twice daily,325,2025-09-13,11,58,Dr. Jimenez,Oncology,Sullivan-King Pharmacy,Johnnyview,Medicaid,55.94,77.8,No
RX0000598,P7251,30,Female,Drug_45,25,Twice daily,101,2026-03-19,9,54,Dr. Guzman,Cardiology,"Bishop, Patterson and Fuentes Pharmacy",New Lance,Aetna,28.14,83.2,Yes
RX0000599,P2285,76,Female,Drug_14,5,As needed,291,2024-09-14,7,88,Dr. Hogan,Pulmonology,Donaldson and Sons Pharmacy,South Jessicachester,Medicaid,47.98,78.7,No
RX0000600,P1916,71,Male,Drug_49,25,Three times daily,213,2025-02-20,2,64,Dr. David,Psychiatry,Gomez and Sons Pharmacy,Walterberg,Cigna,68.46,47.2,No
RX0000601,P6478,38,Male,Drug_48,500,Once daily,339,2024-05-01,9,67,Dr. Collins,Psychiatry,Mitchell PLC Pharmacy,Lake Amy,Aetna,88.32,58.3,No
RX0000602,P6700,60,Male,Drug_49,50,Twice daily,178,2024-04-12,3,57,Dr. Taylor,Neurology,Ramirez Group Pharmacy,North John,Medicare,20.7,84.0,No
RX0000603,P8115,28,Female,Drug_15,100,Once daily,85,2025-07-25,3,84,Dr. Patterson,Neurology,"Sherman, Morris and Lyons Pharmacy",Farleyfurt,Cigna,89.86,92.8,Yes
RX0000604,P7824,84,Male,Drug_21,25,Twice daily,256,2024-04-02,5,48,Dr. Peterson,Oncology,"Brown, Acevedo and Williams Pharmacy",Port Courtneyton,Aetna,42.05,42.8,No
RX0000605,P2974,55,Male,Drug_23,50,Weekly,224,2023-09-17,8,61,Dr. Jimenez,Cardiology,Ward Ltd Pharmacy,North Joannechester,UnitedHealth,85.16,42.5,Yes
RX0000606,P4714,41,Male,Drug_58,500,Weekly,345,2025-04-14,9,66,Dr. Taylor,Pulmonology,Morris-Hicks Pharmacy,South Dawn,UnitedHealth,53.69,78.6,No
RX0000607,P1187,68,Male,Drug_18,1000,Once daily,63,2026-03-05,2,78,Dr. Martinez,Pulmonology,Curry LLC Pharmacy,Lake Summerbury,Medicare,86.91,72.9,Yes
RX0000608,P7266,93,Male,Drug_33,20,As needed,153,2025-03-12,3,88,Dr. Collins,Psychiatry,Wright Inc Pharmacy,Christopherton,UnitedHealth,67.97,49.3,No
RX0000609,P1886,78,Male,Drug_44,25,As needed,240,2026-02-28,5,80,Dr. Garcia,Pulmonology,Mathews-Harmon Pharmacy,Chelseamouth,Cigna,53.33,72.9,Yes
RX0000610,P5993,63,Female,Drug_28,5,Twice daily,23,2026-07-16,5,57,Dr. Morris,Oncology,Decker and Sons Pharmacy,West Donald,Medicare,34.69,98.5,Yes
RX0000611,P9591,60,Male,Drug_18,50,Weekly,203,2025-03-23,6,85,Dr. Blevins,Neurology,Gonzalez Inc Pharmacy,Kevinfort,Aetna,97.05,77.9,No
RX0000612,P1674,44,Female,Drug_4,25,Weekly,195,2023-12-11,0,64,Dr. Price,Psychiatry,Morris-Dunn Pharmacy,Fergusonberg,Cigna,81.09,66.9,No
RX0000613,P6231,47,Male,Drug_5,100,Once daily,138,2025-07-20,8,37,Dr. Kelley,Cardiology,Baldwin Group Pharmacy,New Joshuahaven,UnitedHealth,41.21,89.7,No
RX0000614,P9846,80,Male,Drug_24,100,Once daily,254,2025-04-25,1,70,Dr. Brown,Psychiatry,Reese PLC Pharmacy,Jasmineville,BlueCross,20.84,52.8,Yes
RX0000615,P3450,27,Female,Drug_23,100,As needed,156,2023-09-19,3,83,Dr. Thomas,Pulmonology,Carroll-Carpenter Pharmacy,New Robertmouth,Medicaid,79.06,64.9,No
RX0000616,P6354,20,Female,Drug_29,20,As needed,208,2025-04-30,2,52,Dr. Santiago,Oncology,Hardy PLC Pharmacy,Lake Angela,UnitedHealth,99.04,71.7,No
RX0000617,P9231,94,Female,Drug_32,200,As needed,219,2025-11-10,2,83,Dr. Taylor,Cardiology,Wise-Bradford Pharmacy,Port Nicolestad,BlueCross,31.5,70.3,No
RX0000618,P4617,77,Female,Drug_33,20,Three times daily,223,2024-03-25,10,69,Dr. Anderson,Psychiatry,Medina-Parsons Pharmacy,South Luis,Medicare,92.01,95.3,No
RX0000619,P3509,44,Female,Drug_34,100,Weekly,12,2024-07-29,4,75,Dr. Price,Pulmonology,"Lawrence, Johnson and Love Pharmacy",Elaineside,Aetna,16.91,57.6,Yes
RX0000620,P1827,62,Male,Drug_54,5,Weekly,164,2026-07-13,6,52,Dr. Frazier,Psychiatry,Hammond-Weber Pharmacy,Mendozastad,Medicaid,95.46,43.4,Yes
RX0000621,P7436,79,Female,Drug_8,500,Once daily,355,2025-07-21,11,61,Dr. King,Cardiology,Fernandez and Sons Pharmacy,West Steven,Aetna,75.81,95.0,No
RX0000622,P8300,41,Female,Drug_31,200,Weekly,81,2025-02-22,6,39,Dr. Morris,Pulmonology,"Hodges, Bishop and Robinson Pharmacy",West Lisaview,Medicare,37.93,53.0,No
RX0000623,P9269,63,Male,Drug_46,1000,Once daily,257,2025-07-05,6,46,Dr. Smith,Neurology,"Smith, Harris and Long Pharmacy",Josephshire,Aetna,33.94,62.7,No
RX0000624,P2475,61,Male,Drug_35,20,Three times daily,310,2025-04-26,2,64,Dr. Davenport,Cardiology,"Roth, Patterson and Wilson Pharmacy",East Rickybury,Cigna,66.13,71.9,No
RX0000625,P4638,80,Female,Drug_44,500,As needed,52,2024-09-10,8,64,Dr. Obrien,Neurology,Smith Ltd Pharmacy,Jonathanborough,Cigna,61.38,98.6,No
RX0000626,P8076,21,Male,Drug_53,10,Three times daily,348,2025-01-01,5,32,Dr. Frazier,Neurology,Walker and Sons Pharmacy,Traciechester,UnitedHealth,92.3,72.1,No
RX0000627,P5747,33,Male,Drug_35,1000,As needed,354,2025-06-20,10,65,Dr. David,Pulmonology,Dillon Ltd Pharmacy,North Joseph,UnitedHealth,77.79,66.9,No
RX0000628,P7460,68,Female,Drug_58,5,As needed,321,2026-08-08,11,58,Dr. Obrien,Psychiatry,"Kramer, Davis and Stevens Pharmacy",Valerieport,UnitedHealth,56.33,75.0,No
RX0000629,P3425,91,Female,Drug_19,200,Once daily,235,2024-12-31,10,78,Dr. Kelly,Psychiatry,Berry PLC Pharmacy,Lake Eddie,UnitedHealth,93.12,98.2,Yes
RX0000630,P3165,65,Female,Drug_29,5,As needed,188,2026-07-04,9,75,Dr. Brown,Oncology,Johnson Inc Pharmacy,West Brandonbury,Medicare,61.31,89.1,Yes
RX0000631,P6507,82,Male,Drug_40,100,Three times daily,89,2026-02-20,10,56,Dr. Thomas,Cardiology,"Santana, Bryant and Dawson Pharmacy",Obrienstad,Aetna,85.72,50.1,No
RX0000632,P2352,86,Female,Drug_24,5,Twice daily,151,2026-07-26,7,60,Dr. Hall,Cardiology,Fry-Underwood Pharmacy,South Jason,UnitedHealth,84.89,88.2,No
RX0000633,P8796,94,Male,Drug_52,25,Once daily,56,2025-10-18,0,63,Dr. Anderson,Pulmonology,Bridges-Morris Pharmacy,Jonview,Medicare,92.32,90.5,Yes
RX0000634,P1807,62,Male,Drug_44,200,As needed,106,2025-02-09,3,41,Dr. Hernandez,Pulmonology,Brown Inc Pharmacy,Morrischester,Medicaid,11.42,81.4,Yes
RX0000635,P9980,20,Female,Drug_45,10,As needed,349,2024-08-24,6,66,Dr. Wilson,Oncology,Harris-Harris Pharmacy,Mullinsland,UnitedHealth,60.46,79.4,No
RX0000636,P7540,34,Male,Drug_52,20,Weekly,226,2026-07-03,11,88,Dr. Santiago,Oncology,Woodward PLC Pharmacy,Darrylshire,Aetna,49.5,66.5,No
RX0000637,P5301,54,Male,Drug_57,25,Once daily,145,2024-05-23,8,83,Dr. Bailey,Neurology,Molina-Lawrence Pharmacy,Julieside,Cigna,51.6,78.5,No
RX0000638,P2393,22,Female,Drug_5,100,Once daily,20,2023-10-10,11,54,Dr. Watkins,Oncology,Lyons-Johnston Pharmacy,Lake Jill,BlueCross,48.69,84.3,No
RX0000639,P7529,64,Female,Drug_13,1000,Three times daily,19,2025-03-14,2,31,Dr. Smith,Psychiatry,"Fernandez, Torres and Jefferson Pharmacy",Danielton,Cigna,84.56,47.4,No
RX0000640,P9221,61,Female,Drug_58,25,Twice daily,350,2023-10-21,11,59,Dr. Evans,Neurology,Wood Group Pharmacy,Glennstad,Aetna,35.25,55.4,No
RX0000641,P8118,50,Female,Drug_57,100,Three times daily,256,2025-02-12,10,73,Dr. Collins,Oncology,Richards LLC Pharmacy,Lisamouth,Aetna,48.96,51.6,Yes
RX0000642,P3136,38,Female,Drug_30,200,Three times daily,342,2024-01-10,11,38,Dr. Martin,Psychiatry,Davenport-Sweeney Pharmacy,Lake Justin,Aetna,24.06,90.5,No
RX0000643,P3209,84,Male,Drug_6,25,Three times daily,178,2026-03-20,5,52,Dr. Doyle,Psychiatry,Murray Group Pharmacy,North Kristybury,Aetna,28.91,80.8,Yes
RX0000644,P8879,85,Female,Drug_6,100,Twice daily,325,2023-10-30,7,38,Dr. Garcia,Neurology,Chavez Group Pharmacy,Hartmanton,UnitedHealth,67.74,67.0,No
RX0000645,P4245,49,Male,Drug_26,20,Three times daily,112,2025-08-01,10,49,Dr. Watkins,Neurology,Mcfarland-Jordan Pharmacy,South Joshuamouth,Medicaid,16.11,89.6,No
RX0000646,P8993,41,Male,Drug_58,50,Once daily,195,2025-04-15,2,84,Dr. Kelly,Psychiatry,Nelson Group Pharmacy,Lake Michele,BlueCross,22.84,83.0,Yes
RX0000647,P7476,52,Female,Drug_12,25,Twice daily,23,2025-10-19,5,30,Dr. Blevins,Pulmonology,Wright-Lawson Pharmacy,Kevinstad,UnitedHealth,55.16,94.8,Yes
RX0000648,P4212,35,Male,Drug_19,200,As needed,56,2023-12-02,8,85,Dr. Hall,Neurology,"Riley, Chambers and Moore Pharmacy",West Marystad,Cigna,9.16,44.6,Yes
RX0000649,P9589,84,Male,Drug_5,100,Weekly,255,2026-02-06,8,68,Dr. David,Cardiology,Hayden Group Pharmacy,Aaronbury,Medicaid,17.06,70.5,No
RX0000650,P5034,71,Male,Drug_7,200,Weekly,233,2024-09-12,5,52,Dr. Jimenez,Pulmonology,"Patrick, Arnold and Moreno Pharmacy",Reedport,Medicare,87.02,82.4,Yes
RX0000651,P4970,43,Male,Drug_11,100,Once daily,85,2023-11-05,4,47,Dr. Martinez,Cardiology,Francis Inc Pharmacy,Nealmouth,Aetna,85.38,52.4,No
RX0000652,P2173,77,Female,Drug_18,10,Weekly,278,2025-05-04,0,71,Dr. David,Oncology,Gentry PLC Pharmacy,Alexstad,Cigna,38.04,59.6,No
RX0000653,P5362,82,Female,Drug_8,200,Weekly,219,2023-11-14,2,61,Dr. Kelley,Neurology,"Cunningham, Mendez and Gray Pharmacy",East Tammie,Medicare,38.06,65.1,No
RX0000654,P8046,68,Female,Drug_45,500,Weekly,23,2024-07-08,2,76,Dr. Doyle,Neurology,Davis-Garrett Pharmacy,North Anthony,BlueCross,93.97,87.7,No
RX0000655,P6298,77,Female,Drug_10,200,As needed,352,2025-02-11,11,38,Dr. Thomas,Psychiatry,Mitchell-Abbott Pharmacy,Davidchester,Cigna,7.45,69.6,No
RX0000656,P2467,76,Female,Drug_32,25,Weekly,257,2025-06-03,3,40,Dr. Hernandez,Neurology,"Horton, Lane and Reese Pharmacy",South Brianmouth,Medicaid,60.13,69.6,No
RX0000657,P2843,93,Female,Drug_10,25,Three times daily,346,2026-03-25,4,85,Dr. Price,Cardiology,Williams-Cline Pharmacy,Carrollberg,UnitedHealth,61.75,65.9,Yes
RX0000658,P7776,34,Female,Drug_56,50,Once daily,90,2025-10-12,10,30,Dr. Collins,Pulmonology,Ballard-Cox Pharmacy,Port Whitney,Medicare,79.85,53.7,Yes
RX0000659,P7939,38,Female,Drug_14,1000,Once daily,203,2026-04-02,7,40,Dr. Price,Oncology,Dean-Cruz Pharmacy,Estradaland,Cigna,95.42,95.4,No
RX0000660,P6984,84,Female,Drug_34,50,Once daily,271,2023-11-11,10,62,Dr. Patterson,Pulmonology,"Gordon, Lee and Mcintyre Pharmacy",Ronaldchester,UnitedHealth,38.8,59.1,No
RX0000661,P6706,45,Other,Drug_41,10,As needed,24,2025-01-05,8,59,Dr. Hogan,Cardiology,Carter-Tucker Pharmacy,Rachelchester,UnitedHealth,46.59,74.0,Yes
RX0000662,P4120,61,Female,Drug_2,50,As needed,227,2026-04-04,11,34,Dr. Evans,Oncology,Cook-Cruz Pharmacy,Emilyfurt,UnitedHealth,68.77,48.9,No
RX0000663,P6254,87,Female,Drug_19,20,Weekly,337,2025-05-21,6,79,Dr. Tyler,Psychiatry,"Day, Miller and Beard Pharmacy",North Zacharymouth,Medicaid,96.89,66.1,No
RX0000664,P6644,79,Male,Drug_27,500,Three times daily,241,2026-02-10,9,30,Dr. Doyle,Neurology,Williams LLC Pharmacy,Matthewsmouth,Aetna,89.63,94.2,No
RX0000665,P1396,59,Female,Drug_44,10,Weekly,182,2025-01-07,5,39,Dr. Wilson,Neurology,Lopez-Hill Pharmacy,Kristinmouth,Cigna,68.37,99.7,No
RX0000666,P5994,39,Female,Drug_35,25,Once daily,78,2023-11-06,2,89,Dr. Bailey,Psychiatry,"Jenkins, Sullivan and Contreras Pharmacy",Davidborough,UnitedHealth,86.39,61.7,No
RX0000667,P3773,55,Female,Drug_60,50,Three times daily,97,2026-03-12,8,42,Dr. Perry,Cardiology,"Smith, Maxwell and Martin Pharmacy",Jacksonview,Aetna,13.09,49.2,No
RX0000668,P6729,31,Female,Drug_9,25,Once daily,328,2025-01-20,9,56,Dr. Guzman,Psychiatry,"Moore, Miller and Hart Pharmacy",East Rebecca,UnitedHealth,40.83,58.9,No
RX0000669,P8245,43,Male,Drug_31,50,Three times daily,29,2025-01-26,0,37,Dr. Guzman,Cardiology,"Hall, Mitchell and Pineda Pharmacy",Kellyside,Medicare,6.24,59.6,No
RX0000670,P3389,57,Male,Drug_23,25,Twice daily,219,2025-08-11,8,57,Dr. Blevins,Oncology,Phillips-Wells Pharmacy,Rogersfort,Medicare,21.86,78.7,No
RX0000671,P8216,71,Male,Drug_27,20,As needed,300,2024-08-04,2,74,Dr. Collins,Pulmonology,Bennett-Wright Pharmacy,West Sarahshire,Medicare,64.9,69.8,No
RX0000672,P1735,30,Female,Drug_29,5,As needed,134,2024-11-28,8,81,Dr. Wilson,Pulmonology,"Jones, Taylor and Duran Pharmacy",New Jessica,Aetna,89.13,86.1,Yes
RX0000673,P4825,36,Male,Drug_48,25,Once daily,65,2024-05-13,9,31,Dr. Evans,Psychiatry,"Horton, Petersen and Collins Pharmacy",Lake Jocelynburgh,Aetna,65.11,82.1,Yes
RX0000674,P4271,59,Male,Drug_42,1000,Once daily,330,2026-04-11,0,82,Dr. Frazier,Neurology,Brewer Ltd Pharmacy,Mariaport,UnitedHealth,68.09,55.1,No
RX0000675,P7124,58,Female,Drug_2,5,Twice daily,91,2026-07-08,7,41,Dr. Hall,Psychiatry,"Mcdonald, Avery and Wilson Pharmacy",Gomezburgh,Medicaid,14.86,87.1,No
RX0000676,P3555,67,Female,Drug_19,200,Weekly,235,2023-10-12,5,56,Dr. Powell,Neurology,Larsen-Hodges Pharmacy,Crystalmouth,Cigna,68.16,90.8,Yes
RX0000677,P2405,20,Female,Drug_13,20,Three times daily,274,2024-01-20,8,42,Dr. Kelley,Psychiatry,Johnson-Robinson Pharmacy,Port Rebecca,Medicaid,48.16,75.9,Yes
RX0000678,P2841,48,Female,Drug_5,500,Twice daily,118,2024-09-25,3,89,Dr. Blevins,Psychiatry,"Hernandez, Mcdonald and Martin Pharmacy",Charlesport,Aetna,66.89,95.7,Yes
RX0000679,P1893,93,Female,Drug_2,100,Twice daily,122,2024-02-05,11,51,Dr. Collins,Pulmonology,"Olsen, Long and Robinson Pharmacy",Hatfieldtown,Cigna,35.99,87.0,No
RX0000680,P4982,32,Female,Drug_56,5,Once daily,244,2025-04-02,4,69,Dr. Hogan,Neurology,Johnson LLC Pharmacy,East Stephenfort,Medicare,60.24,75.7,No
RX0000681,P3419,71,Female,Drug_52,50,Once daily,58,2024-08-04,5,44,Dr. Reynolds,Pulmonology,Riley-Bird Pharmacy,Lake Gregorystad,Medicaid,45.29,94.4,No
RX0000682,P5713,70,Male,Drug_15,500,Weekly,90,2026-02-03,11,60,Dr. Obrien,Neurology,Hawkins LLC Pharmacy,Port Kimberly,Medicaid,58.07,76.0,No
RX0000683,P1225,62,Male,Drug_54,20,Weekly,117,2026-06-30,8,36,Dr. Brown,Oncology,Jones-Larson Pharmacy,Vasquezton,Medicaid,18.97,71.3,No
RX0000684,P6624,55,Female,Drug_34,25,Once daily,206,2026-01-30,5,68,Dr. Reynolds,Oncology,"Black, Byrd and Mcdonald Pharmacy",Smithbury,Aetna,42.6,61.4,No
RX0000685,P2823,67,Female,Drug_42,200,As needed,225,2024-03-01,8,78,Dr. Hogan,Oncology,"Abbott, West and Kim Pharmacy",Lake Krystalstad,Cigna,40.56,93.0,No
RX0000686,P5999,41,Female,Drug_22,100,Weekly,235,2024-03-19,1,80,Dr. Brown,Cardiology,"Wilson, Grant and Luna Pharmacy",North David,Medicare,74.96,47.4,No
RX0000687,P8373,34,Male,Drug_27,200,Twice daily,323,2025-09-08,3,64,Dr. Taylor,Pulmonology,Brown Ltd Pharmacy,Tamaraburgh,Aetna,72.11,68.4,No
RX0000688,P8719,35,Male,Drug_38,1000,Once daily,27,2024-09-27,2,36,Dr. Hernandez,Pulmonology,Davis LLC Pharmacy,West Toddmouth,Medicare,91.34,72.2,No
RX0000689,P1372,59,Female,Drug_22,1000,Three times daily,182,2024-12-18,3,41,Dr. Taylor,Oncology,"Robinson, Bailey and Quinn Pharmacy",Boothfurt,BlueCross,65.05,73.3,No
RX0000690,P6437,34,Male,Drug_42,10,Three times daily,62,2025-09-05,0,43,Dr. Powell,Psychiatry,"Robinson, Herrera and Sawyer Pharmacy",Johnsontown,BlueCross,34.88,79.1,No
RX0000691,P4424,33,Male,Drug_42,20,As needed,297,2024-11-01,1,63,Dr. Hogan,Pulmonology,Newman PLC Pharmacy,Melvinview,Medicare,79.41,70.3,No
RX0000692,P9814,69,Male,Drug_51,25,Once daily,306,2025-11-10,3,87,Dr. Doyle,Neurology,Bailey-Craig Pharmacy,Kylestad,BlueCross,52.21,55.4,No
RX0000693,P4471,53,Female,Drug_21,100,Twice daily,301,2023-12-30,9,68,Dr. Anderson,Pulmonology,Martinez Group Pharmacy,Lake Malikfort,Cigna,23.38,91.4,No
RX0000694,P4339,56,Female,Drug_32,50,As needed,149,2024-05-07,3,77,Dr. Bailey,Pulmonology,Obrien PLC Pharmacy,Sarahport,Cigna,76.0,79.5,No
RX0000695,P9952,42,Female,Drug_38,100,Twice daily,232,2024-03-07,4,38,Dr. Frazier,Neurology,"Romero, Curtis and Bowen Pharmacy",Port Lisafort,Aetna,17.59,91.5,No
RX0000696,P9573,59,Female,Drug_43,500,Three times daily,14,2026-05-06,8,62,Dr. Ramos,Oncology,"Hill, Martinez and Tanner Pharmacy",East Lisahaven,Medicare,21.92,56.6,No
RX0000697,P5237,38,Female,Drug_45,10,Twice daily,130,2024-01-30,0,41,Dr. Garcia,Oncology,"Mason, Liu and Bailey Pharmacy",New Joseph,Aetna,77.08,78.2,No
RX0000698,P9991,85,Female,Drug_34,100,Three times daily,252,2026-07-09,7,63,Dr. Evans,Neurology,Wallace-Lam Pharmacy,Smithfort,Cigna,78.16,82.9,Yes
RX0000699,P8913,76,Female,Drug_54,1000,Weekly,107,2024-10-01,2,56,Dr. King,Pulmonology,Mueller Inc Pharmacy,New Jamesland,Cigna,80.12,63.0,Yes
RX0000700,P3315,47,Male,Drug_36,50,Three times daily,329,2023-11-09,8,51,Dr. Santiago,Pulmonology,Parker-Brooks Pharmacy,South Lindsey,Cigna,32.87,88.7,No
RX0000701,P1301,74,Male,Drug_29,5,Three times daily,356,2025-01-31,10,47,Dr. Campbell,Oncology,"Garcia, Hopkins and Ward Pharmacy",Lake Brandi,Medicaid,87.33,40.2,No
RX0000702,P7170,50,Female,Drug_30,500,As needed,99,2026-01-07,7,75,Dr. Smith,Cardiology,"Parker, Lewis and Robertson Pharmacy",South Maryton,BlueCross,73.65,75.7,No
RX0000703,P9631,70,Male,Drug_20,25,As needed,260,2025-08-27,7,73,Dr. Campbell,Oncology,Tucker Inc Pharmacy,Alexandraport,Aetna,84.23,76.8,No
RX0000704,P1712,33,Female,Drug_37,500,Once daily,86,2026-03-07,8,47,Dr. Santiago,Neurology,Gould Ltd Pharmacy,East Jordanberg,Aetna,72.32,72.0,No
RX0000705,P5185,66,Female,Drug_9,25,Once daily,304,2024-10-06,3,66,Dr. Obrien,Cardiology,Chavez Group Pharmacy,Vanessastad,Cigna,60.06,77.8,No
RX0000706,P3790,22,Female,Drug_58,500,Three times daily,37,2025-05-03,11,36,Dr. Martinez,Cardiology,Moran LLC Pharmacy,South Cody,Medicaid,15.39,50.0,No
RX0000707,P1984,94,Female,Drug_51,1000,Weekly,336,2025-12-18,4,33,Dr. Reynolds,Neurology,Buck-Reyes Pharmacy,North Kennethmouth,Aetna,72.54,81.1,No
RX0000708,P5653,77,Male,Drug_20,50,Once daily,305,2023-10-04,11,74,Dr. Price,Psychiatry,Thompson-Torres Pharmacy,Larryburgh,UnitedHealth,70.59,60.1,Yes
RX0000709,P4288,88,Male,Drug_11,50,Three times daily,288,2024-06-26,6,45,Dr. Gray,Oncology,Allen LLC Pharmacy,Gregoryland,Aetna,34.69,67.1,No
RX0000710,P5444,72,Female,Drug_51,10,As needed,18,2025-04-08,1,51,Dr. Jones,Pulmonology,Hughes-Huff Pharmacy,Monicaburgh,Medicaid,74.9,60.0,No
RX0000711,P1869,52,Male,Drug_17,1000,Once daily,133,2026-04-05,6,89,Dr. Frazier,Oncology,"Garcia, Delacruz and Thomas Pharmacy",Stonetown,Cigna,57.29,68.4,No
RX0000712,P8617,86,Male,Drug_15,25,Once daily,193,2024-11-01,11,77,Dr. Wilson,Neurology,Wright-Chavez Pharmacy,East Justin,Medicaid,58.14,77.3,No
RX0000713,P1136,59,Female,Drug_31,20,Three times daily,75,2024-03-17,2,80,Dr. Thomas,Pulmonology,Daniels-Reyes Pharmacy,South Katherine,BlueCross,39.92,90.3,No
RX0000714,P2091,86,Other,Drug_24,10,Three times daily,335,2025-06-15,5,65,Dr. Powell,Psychiatry,Hernandez-Pruitt Pharmacy,South Tylertown,Aetna,16.09,69.0,No
RX0000715,P7367,41,Female,Drug_19,20,Twice daily,17,2023-09-06,5,49,Dr. Hall,Neurology,Martinez-Walsh Pharmacy,Teresaside,BlueCross,25.61,59.4,Yes
RX0000716,P5445,88,Female,Drug_50,25,Twice daily,309,2026-03-25,5,60,Dr. Hernandez,Oncology,"Reeves, Ward and Dillon Pharmacy",Schroederborough,Aetna,78.04,69.3,No
RX0000717,P6901,88,Male,Drug_55,1000,Weekly,29,2025-04-02,9,81,Dr. Smith,Cardiology,Mcintyre Inc Pharmacy,Kristifort,BlueCross,30.79,81.3,Yes
RX0000718,P2767,72,Female,Drug_4,100,Once daily,343,2026-03-06,1,89,Dr. Taylor,Neurology,Wilson-Bell Pharmacy,Fryefort,Aetna,5.21,60.8,No
RX0000719,P1312,31,Male,Drug_10,50,Twice daily,339,2025-04-14,8,62,Dr. Brown,Neurology,"Jackson, Sanchez and Herring Pharmacy",North Derrickfort,UnitedHealth,99.72,64.9,No
RX0000720,P5792,72,Female,Drug_23,1000,Three times daily,215,2024-09-08,7,42,Dr. Conway,Oncology,Goodman-Torres Pharmacy,Brandonhaven,Cigna,25.01,73.8,No
RX0000721,P7332,32,Male,Drug_19,500,Once daily,221,2023-10-25,6,81,Dr. Collins,Psychiatry,Rodriguez-Parker Pharmacy,Andrewtown,UnitedHealth,67.26,57.6,No
RX0000722,P4787,22,Female,Drug_30,100,Twice daily,129,2026-07-29,10,49,Dr. Martin,Oncology,Kaufman Inc Pharmacy,North Javier,Medicare,93.06,52.5,Yes
RX0000723,P7237,21,Female,Drug_11,20,Weekly,79,2025-06-08,11,83,Dr. David,Oncology,Williams Ltd Pharmacy,Port Katherineborough,Medicaid,61.97,48.4,Yes
RX0000724,P9331,47,Female,Drug_40,200,Weekly,216,2023-12-28,11,70,Dr. Kelly,Psychiatry,Sanchez-Franco Pharmacy,Davisport,Aetna,80.91,61.2,No
RX0000725,P2631,70,Female,Drug_60,100,Weekly,317,2026-01-02,8,71,Dr. Lopez,Psychiatry,Gonzalez and Sons Pharmacy,Cindychester,Medicaid,97.76,42.9,No
RX0000726,P6168,90,Male,Drug_11,500,Weekly,280,2024-01-10,3,67,Dr. Thomas,Neurology,Russell and Sons Pharmacy,South Harry,Aetna,86.73,75.0,Yes
RX0000727,P8940,47,Male,Drug_46,100,Three times daily,100,2026-06-30,1,51,Dr. Reynolds,Cardiology,Bauer-Jones Pharmacy,South Michael,Medicare,58.0,50.6,Yes
RX0000728,P9709,78,Female,Drug_35,25,Weekly,242,2025-02-10,3,68,Dr. Obrien,Oncology,Myers-Moore Pharmacy,Deanfurt,Cigna,39.55,62.6,No
RX0000729,P2442,88,Other,Drug_19,200,As needed,160,2026-03-03,11,52,Dr. Kelley,Cardiology,Adams-Irwin Pharmacy,Lake Daniel,Cigna,50.83,56.2,No
RX0000730,P4054,85,Female,Drug_12,200,Weekly,280,2024-07-16,9,77,Dr. Collins,Psychiatry,Wells LLC Pharmacy,East Joelfurt,Medicaid,84.97,77.8,Yes
RX0000731,P4258,72,Male,Drug_12,500,Twice daily,219,2023-08-27,10,78,Dr. Gray,Psychiatry,Briggs-Moon Pharmacy,Nielsenchester,UnitedHealth,86.07,91.0,No
RX0000732,P9202,88,Female,Drug_54,10,Once daily,134,2023-12-24,2,85,Dr. Taylor,Oncology,"Stout, Costa and Wright Pharmacy",Adamfort,Medicare,85.36,78.0,No
RX0000733,P8503,90,Male,Drug_46,100,Twice daily,239,2025-06-07,1,62,Dr. Kelley,Neurology,"Alexander, Arnold and Rangel Pharmacy",North Dustin,Medicaid,61.74,72.6,No
RX0000734,P1352,59,Female,Drug_45,20,Once daily,47,2024-09-27,1,70,Dr. Bailey,Oncology,Wood-Cannon Pharmacy,Yvonneberg,Cigna,50.31,80.1,No
RX0000735,P1651,94,Male,Drug_58,500,Three times daily,295,2025-11-07,7,59,Dr. David,Neurology,"Jackson, Jones and Chang Pharmacy",New Joseph,BlueCross,34.58,41.8,No
RX0000736,P5053,46,Female,Drug_43,25,Once daily,49,2025-04-22,4,43,Dr. Jimenez,Pulmonology,Williams-Rhodes Pharmacy,Grantborough,Medicaid,5.32,47.4,No
RX0000737,P9673,52,Male,Drug_51,25,As needed,276,2026-04-30,11,76,Dr. Davenport,Neurology,Riddle and Sons Pharmacy,Stevenburgh,Aetna,77.63,45.7,Yes
RX0000738,P5995,62,Female,Drug_10,10,Weekly,320,2025-05-27,5,65,Dr. David,Oncology,Wheeler Group Pharmacy,West Kathleen,Cigna,31.31,45.9,Yes
RX0000739,P6465,91,Male,Drug_11,100,Twice daily,34,2024-02-22,7,86,Dr. Acosta,Oncology,"Castro, Powell and Reyes Pharmacy",Ginafort,Aetna,36.32,55.6,Yes
RX0000740,P9027,46,Male,Drug_16,100,Once daily,276,2024-09-27,6,37,Dr. Guzman,Neurology,Walker Ltd Pharmacy,West Kaylee,Medicare,85.13,71.9,No
RX0000741,P7445,87,Female,Drug_8,5,Twice daily,80,2024-10-10,6,86,Dr. Martin,Cardiology,Cain Group Pharmacy,West Kimborough,UnitedHealth,9.96,46.9,No
RX0000742,P3572,20,Male,Drug_3,500,Weekly,151,2025-01-08,11,76,Dr. Price,Neurology,Rush and Sons Pharmacy,Nealburgh,UnitedHealth,93.12,96.1,No
RX0000743,P1301,74,Female,Drug_21,20,Three times daily,168,2023-09-17,6,51,Dr. Santiago,Pulmonology,Perry Ltd Pharmacy,Scotthaven,Cigna,5.13,91.3,No
RX0000744,P6681,83,Male,Drug_37,5,Weekly,252,2025-03-31,11,86,Dr. Acosta,Pulmonology,"Dyer, Morris and Hanson Pharmacy",New Amy,Cigna,94.22,98.3,No
RX0000745,P6765,39,Female,Drug_9,5,Three times daily,276,2025-07-03,10,33,Dr. Ramos,Cardiology,"Thompson, Foley and Smith Pharmacy",Lindseybury,UnitedHealth,48.2,42.6,No
RX0000746,P6822,44,Male,Drug_29,5,Twice daily,217,2024-06-19,10,80,Dr. Kelley,Pulmonology,"Hayes, Floyd and Smith Pharmacy",Nunezmouth,Medicaid,14.7,91.1,No
RX0000747,P5953,39,Male,Drug_17,50,Three times daily,286,2024-04-02,6,64,Dr. Reynolds,Oncology,Bentley PLC Pharmacy,South Matthewberg,UnitedHealth,69.05,88.2,Yes
RX0000748,P4869,91,Female,Drug_24,50,Three times daily,229,2023-09-28,7,37,Dr. Tyler,Cardiology,"Brown, White and Jones Pharmacy",West Robert,UnitedHealth,90.11,94.1,No
RX0000749,P9212,66,Male,Drug_12,5,Three times daily,76,2025-08-31,0,63,Dr. Price,Cardiology,Kennedy PLC Pharmacy,Mendozaport,Medicaid,46.62,71.7,No
RX0000750,P5519,41,Male,Drug_14,50,Three times daily,26,2025-04-12,2,89,Dr. Ramos,Cardiology,Graham-Hernandez Pharmacy,Haleystad,Aetna,70.68,87.3,Yes
RX0000751,P2015,44,Female,Drug_36,200,Three times daily,127,2023-09-22,0,51,Dr. Frazier,Neurology,"Torres, Hart and Gibson Pharmacy",New Tonya,Medicaid,98.04,43.1,Yes
RX0000752,P5221,53,Female,Drug_46,50,Once daily,179,2025-10-22,7,54,Dr. Anderson,Neurology,Henson Group Pharmacy,Lake Austinburgh,BlueCross,27.87,44.6,Yes
RX0000753,P7343,34,Male,Drug_3,1000,Three times daily,40,2024-05-28,1,54,Dr. Taylor,Cardiology,Page-Martinez Pharmacy,Derrickshire,Cigna,82.94,47.1,No
RX0000754,P1482,73,Female,Drug_43,25,Three times daily,77,2024-11-22,6,69,Dr. Campbell,Pulmonology,Bradley PLC Pharmacy,South Victor,UnitedHealth,33.05,94.9,Yes
RX0000755,P5590,27,Female,Drug_21,1000,Weekly,39,2024-04-23,5,69,Dr. Watkins,Oncology,"Cole, Martin and Reed Pharmacy",Benitezland,Medicare,45.5,43.7,No
RX0000756,P4695,71,Male,Drug_23,500,Weekly,268,2026-04-17,10,46,Dr. Jones,Oncology,Williams and Sons Pharmacy,Doylebury,Cigna,31.77,46.0,No
RX0000757,P3485,91,Female,Drug_10,5,Weekly,278,2026-06-14,0,45,Dr. Campbell,Neurology,Johns LLC Pharmacy,Curtisstad,UnitedHealth,47.37,95.8,No
RX0000758,P6599,91,Female,Drug_24,25,Three times daily,115,2025-10-19,11,77,Dr. Guzman,Psychiatry,"Cruz, Snow and Leonard Pharmacy",Krausemouth,Aetna,5.48,46.4,No
RX0000759,P7436,55,Male,Drug_29,200,Weekly,29,2025-07-20,5,77,Dr. Guzman,Cardiology,"Moore, Love and Palmer Pharmacy",Brownburgh,UnitedHealth,33.83,92.2,No
RX0000760,P3248,21,Male,Drug_35,5,Once daily,152,2025-02-13,8,88,Dr. Perry,Psychiatry,Palmer-Kim Pharmacy,Lake Johnshire,Medicaid,47.3,87.4,No
RX0000761,P2438,67,Male,Drug_11,500,Twice daily,20,2024-08-27,2,68,Dr. Conway,Oncology,Howard Group Pharmacy,South Cassidyview,Cigna,65.06,42.4,No
RX0000762,P7262,78,Female,Drug_35,10,Weekly,312,2024-05-18,11,44,Dr. David,Neurology,Booth and Sons Pharmacy,Kellymouth,Medicaid,65.55,41.3,No
RX0000763,P9531,38,Male,Drug_20,500,Weekly,323,2023-08-15,6,46,Dr. Hall,Neurology,Dunn Inc Pharmacy,Moralesfort,UnitedHealth,60.46,72.1,No
RX0000764,P4726,53,Female,Drug_8,25,Once daily,42,2024-08-27,3,86,Dr. Frazier,Neurology,Jones-Greene Pharmacy,Brownchester,Aetna,32.84,99.8,No
RX0000765,P7837,63,Female,Drug_59,500,As needed,277,2026-02-24,0,64,Dr. Santiago,Neurology,Silva-Owens Pharmacy,Bennettport,Medicaid,95.0,92.7,Yes
RX0000766,P4938,88,Male,Drug_2,5,As needed,267,2026-03-23,6,62,Dr. Guzman,Neurology,Harris-Herrera Pharmacy,Aaronchester,Medicare,42.24,58.6,No
RX0000767,P3502,61,Female,Drug_26,50,Once daily,59,2024-04-03,0,69,Dr. Garcia,Cardiology,"Smith, Miller and Pineda Pharmacy",Port Michaelville,UnitedHealth,25.6,63.2,Yes
RX0000768,P7987,81,Female,Drug_60,1000,Weekly,54,2023-09-05,10,68,Dr. Bailey,Psychiatry,"Downs, Hatfield and Lawrence Pharmacy",Jessicastad,Aetna,57.68,63.3,Yes
RX0000769,P6118,35,Male,Drug_32,200,Twice daily,17,2025-09-16,3,47,Dr. Thomas,Oncology,Oliver-Barrett Pharmacy,East Shannon,Cigna,76.15,84.1,Yes
RX0000770,P6395,30,Female,Drug_50,20,Weekly,264,2023-10-22,8,59,Dr. Acosta,Oncology,"Smith, Baird and Cobb Pharmacy",Lake Aaronborough,Cigna,6.16,60.5,Yes
RX0000771,P8359,30,Female,Drug_10,25,Once daily,349,2023-12-03,4,52,Dr. David,Neurology,Young Inc Pharmacy,South Sarahton,Medicare,31.25,48.9,No
RX0000772,P9883,42,Male,Drug_30,200,Once daily,286,2024-01-26,6,66,Dr. Taylor,Neurology,Martin-Brown Pharmacy,Adrianton,BlueCross,83.37,84.8,No
RX0000773,P3158,22,Male,Drug_60,100,Three times daily,216,2025-09-12,6,76,Dr. Hall,Neurology,Decker Ltd Pharmacy,Christensentown,Medicaid,53.17,67.5,No
RX0000774,P4387,56,Male,Drug_21,25,Once daily,330,2024-06-25,11,36,Dr. Patterson,Pulmonology,"Johnson, Pope and Roberts Pharmacy",Franklinmouth,UnitedHealth,43.81,44.6,Yes
RX0000775,P3270,46,Male,Drug_10,20,Three times daily,341,2025-12-12,2,39,Dr. Perry,Oncology,"King, Joseph and Arnold Pharmacy",South Frankport,Cigna,93.44,87.4,No
RX0000776,P9869,74,Male,Drug_1,10,Once daily,18,2024-11-01,10,45,Dr. Conway,Neurology,"Williams, Martinez and Austin Pharmacy",Danielbury,UnitedHealth,13.51,75.1,Yes
RX0000777,P4314,63,Female,Drug_48,1000,Three times daily,257,2025-09-22,7,57,Dr. Garcia,Psychiatry,Wilson Group Pharmacy,Williamsfort,Medicare,63.48,69.4,No
RX0000778,P3262,50,Other,Drug_35,20,Three times daily,329,2025-09-20,0,52,Dr. Acosta,Pulmonology,Hess-Wise Pharmacy,North Mark,Medicaid,37.51,80.4,No
RX0000779,P6062,27,Male,Drug_33,200,Weekly,166,2026-03-13,3,63,Dr. Frazier,Cardiology,Holmes PLC Pharmacy,Davidchester,Aetna,11.73,70.3,Yes
RX0000780,P9582,75,Male,Drug_22,5,Three times daily,42,2023-10-16,9,47,Dr. Garcia,Pulmonology,"Moore, Mueller and Griffin Pharmacy",East Dannymouth,UnitedHealth,25.31,78.9,No
RX0000781,P3215,42,Male,Drug_42,500,As needed,155,2026-04-13,3,76,Dr. Martinez,Pulmonology,"Golden, Rollins and Shaw Pharmacy",West Anthony,Medicare,64.65,92.0,No
RX0000782,P8046,91,Male,Drug_46,5,Once daily,204,2025-08-19,1,52,Dr. Thomas,Pulmonology,Duncan-Miller Pharmacy,Wattsmouth,Aetna,7.69,76.8,No
RX0000783,P3378,56,Male,Drug_19,10,Twice daily,252,2023-09-14,5,80,Dr. Taylor,Psychiatry,Mccoy Ltd Pharmacy,Stevensonbury,Aetna,61.26,79.6,No
RX0000784,P3589,33,Male,Drug_31,5,Once daily,210,2024-08-26,0,49,Dr. Doyle,Oncology,Nash and Sons Pharmacy,Jacksontown,Aetna,95.9,76.8,No
RX0000785,P6201,77,Female,Drug_58,25,Weekly,50,2025-03-14,2,60,Dr. Guzman,Neurology,"Davis, Johnson and Garcia Pharmacy",Billyshire,Medicaid,80.53,71.9,No
RX0000786,P2111,45,Male,Drug_19,10,Weekly,321,2024-06-01,8,43,Dr. Jones,Psychiatry,Rodriguez and Sons Pharmacy,Kellyberg,BlueCross,37.83,50.3,No
RX0000787,P9732,93,Female,Drug_49,5,Three times daily,325,2024-09-30,11,52,Dr. Garcia,Psychiatry,"Martin, Russo and Tucker Pharmacy",North Danielborough,UnitedHealth,18.13,60.1,No
RX0000788,P2939,61,Male,Drug_37,5,Weekly,212,2026-03-12,9,31,Dr. Wilson,Neurology,"Ellis, Phillips and Lee Pharmacy",Kevinville,Aetna,49.18,81.6,No
RX0000789,P4016,75,Male,Drug_43,10,Weekly,247,2025-10-01,5,58,Dr. Jones,Pulmonology,Roberts-Miller Pharmacy,South Samueltown,Cigna,42.33,65.5,No
RX0000790,P6203,49,Female,Drug_10,100,Once daily,47,2023-09-12,1,79,Dr. Miller,Cardiology,"Cochran, Hall and Larson Pharmacy",Lake Amy,Medicaid,97.31,64.4,No
RX0000791,P3384,80,Male,Drug_52,10,As needed,82,2025-04-19,11,38,Dr. Frazier,Pulmonology,Williams Inc Pharmacy,New Johnmouth,Medicaid,99.04,85.6,No
RX0000792,P1483,62,Female,Drug_37,10,As needed,208,2024-02-08,11,88,Dr. Jones,Pulmonology,Arnold-Garner Pharmacy,New Cory,Aetna,44.01,40.3,No
RX0000793,P6221,70,Male,Drug_47,500,Three times daily,101,2025-02-28,8,62,Dr. Tyler,Oncology,Rios and Sons Pharmacy,Robertview,Cigna,19.13,80.7,No
RX0000794,P7783,78,Female,Drug_59,50,Weekly,34,2026-02-07,1,77,Dr. Beasley,Pulmonology,"Hart, Giles and Thompson Pharmacy",East Jessicafort,Medicare,91.51,69.4,No
RX0000795,P7737,67,Other,Drug_60,500,Weekly,150,2024-01-18,11,73,Dr. Beasley,Cardiology,"Price, Johnson and Dickerson Pharmacy",Shelbyton,Medicaid,80.39,62.6,Yes
RX0000796,P5970,44,Male,Drug_29,500,As needed,65,2025-09-09,6,41,Dr. Anderson,Psychiatry,Stevens and Sons Pharmacy,Jamiehaven,Aetna,53.57,60.4,No
RX0000797,P8258,43,Male,Drug_22,10,Three times daily,135,2025-06-15,0,48,Dr. Diaz,Pulmonology,Rodriguez Ltd Pharmacy,South Rogershire,UnitedHealth,39.71,50.4,No
RX0000798,P5485,20,Female,Drug_45,200,Weekly,348,2025-03-12,4,71,Dr. Acosta,Psychiatry,"Whitaker, Villarreal and Gentry Pharmacy",Lake Anaton,Aetna,47.58,60.1,No
RX0000799,P3489,56,Male,Drug_8,1000,Three times daily,7,2025-09-19,6,49,Dr. Obrien,Oncology,Cooley-Schultz Pharmacy,Youngberg,UnitedHealth,90.68,63.5,No
RX0000800,P4079,82,Female,Drug_47,500,Once daily,293,2024-07-16,2,66,Dr. Blevins,Cardiology,Tate and Sons Pharmacy,Deannachester,UnitedHealth,22.54,66.2,No
RX0000801,P2749,52,Male,Drug_31,1000,Weekly,28,2025-02-07,3,60,Dr. Evans,Neurology,Oconnell Ltd Pharmacy,East Latoyamouth,BlueCross,81.64,80.3,No
RX0000802,P3155,70,Male,Drug_58,500,Weekly,232,2024-05-09,4,64,Dr. Bailey,Neurology,"Reed, Lyons and Rice Pharmacy",Parkhaven,BlueCross,6.73,67.2,Yes
RX0000803,P4026,63,Male,Drug_3,25,Weekly,210,2026-01-12,2,70,Dr. Jones,Oncology,Vega Inc Pharmacy,Laurafort,Medicare,92.45,87.8,Yes
RX0000804,P1429,85,Female,Drug_9,200,As needed,193,2024-02-16,5,50,Dr. Martinez,Cardiology,Christensen Inc Pharmacy,Cunninghamville,Medicare,52.53,78.4,Yes
RX0000805,P5372,39,Male,Drug_44,1000,As needed,290,2024-11-25,2,84,Dr. Peterson,Psychiatry,"Cardenas, Barrett and Perez Pharmacy",East Josephshire,UnitedHealth,26.54,51.4,Yes
RX0000806,P4783,77,Male,Drug_36,1000,Weekly,338,2025-02-05,7,76,Dr. Hall,Oncology,"Reynolds, Yates and Mack Pharmacy",Jennifertown,Medicare,5.27,56.6,No
RX0000807,P4804,23,Female,Drug_8,25,Weekly,33,2023-10-25,6,75,Dr. Gray,Pulmonology,"Richard, Johnston and Caldwell Pharmacy",Aaronport,Medicare,58.16,44.8,No
RX0000808,P4783,69,Male,Drug_20,200,Once daily,349,2026-06-23,0,72,Dr. Obrien,Psychiatry,Ramirez-Valentine Pharmacy,Vazquezside,Aetna,28.23,96.7,Yes
RX0000809,P1427,90,Male,Drug_2,100,Once daily,135,2024-04-11,1,42,Dr. Gray,Pulmonology,"Beasley, Spencer and Allen Pharmacy",West David,Aetna,64.97,93.2,No
RX0000810,P6886,92,Male,Drug_26,20,Three times daily,101,2024-02-05,3,68,Dr. Thomas,Pulmonology,Golden-Gamble Pharmacy,Berryburgh,Aetna,31.71,45.1,No
RX0000811,P2302,90,Female,Drug_40,100,Three times daily,72,2026-06-04,4,56,Dr. Miller,Psychiatry,Melendez-Jenkins Pharmacy,Deborahside,Cigna,13.36,74.4,Yes
RX0000812,P8808,46,Female,Drug_54,500,As needed,183,2026-01-11,10,54,Dr. Frazier,Pulmonology,"Cantu, Franklin and Burgess Pharmacy",Mcdonaldville,UnitedHealth,52.98,97.6,No
RX0000813,P3196,60,Male,Drug_15,10,Twice daily,281,2024-09-11,9,31,Dr. Thomas,Neurology,Rowe-Curtis Pharmacy,Garzafort,Medicare,58.63,84.8,No
RX0000814,P9230,91,Male,Drug_29,20,Once daily,162,2023-08-15,10,64,Dr. Jimenez,Psychiatry,Bennett-Wilson Pharmacy,South Sarachester,Cigna,48.0,69.5,Yes
RX0000815,P8680,51,Female,Drug_23,500,Three times daily,25,2026-01-06,3,81,Dr. Ramos,Oncology,Joseph-Hubbard Pharmacy,Hollandstad,Medicaid,48.51,54.5,Yes
RX0000816,P7126,48,Female,Drug_6,25,Once daily,326,2024-06-16,3,37,Dr. David,Neurology,Wilson and Sons Pharmacy,Port Debbie,UnitedHealth,61.02,56.7,No
RX0000817,P4014,63,Male,Drug_21,25,Once daily,64,2025-12-14,8,62,Dr. Harris,Oncology,Henry Group Pharmacy,Josephshire,Medicaid,55.0,84.2,No
RX0000818,P7348,21,Male,Drug_4,10,Twice daily,279,2023-11-26,3,54,Dr. Campbell,Cardiology,"Taylor, Torres and Pennington Pharmacy",North Nicholas,Aetna,17.59,86.8,No
RX0000819,P9051,19,Male,Drug_39,5,Once daily,204,2026-05-14,3,50,Dr. Powell,Oncology,Garrett-Davis Pharmacy,Palmerbury,Medicaid,23.72,71.7,No
RX0000820,P8763,22,Female,Drug_42,200,Twice daily,85,2025-11-09,3,65,Dr. Tyler,Psychiatry,Torres Inc Pharmacy,North Jason,Aetna,18.47,47.3,No
RX0000821,P3253,63,Other,Drug_13,25,Twice daily,47,2025-10-18,1,42,Dr. Kelley,Oncology,"Mccoy, Smith and Vasquez Pharmacy",Johnsonville,UnitedHealth,70.86,96.0,No
RX0000822,P3683,36,Male,Drug_38,100,Once daily,232,2024-01-16,7,85,Dr. Hall,Cardiology,"Turner, Brown and Waters Pharmacy",Davidton,UnitedHealth,55.22,90.7,No
RX0000823,P4166,55,Male,Drug_34,500,Once daily,267,2026-04-16,3,75,Dr. Wilson,Pulmonology,Perry Group Pharmacy,Bradleyshire,Medicare,45.84,48.4,No
RX0000824,P4707,76,Male,Drug_15,200,Three times daily,251,2024-05-02,4,38,Dr. Frazier,Psychiatry,Johnson LLC Pharmacy,Lake Brettberg,Cigna,80.84,43.4,No
RX0000825,P1528,89,Male,Drug_51,200,Once daily,29,2024-03-26,7,64,Dr. Davenport,Neurology,"Oneill, Norton and Bowman Pharmacy",Espinozaburgh,Aetna,35.95,72.2,Yes
RX0000826,P7694,37,Male,Drug_60,100,Once daily,203,2023-12-08,3,75,Dr. Bailey,Neurology,"Reed, Parker and Padilla Pharmacy",South Raymondborough,BlueCross,58.97,57.0,No
RX0000827,P1245,93,Female,Drug_50,25,Once daily,242,2026-06-04,4,65,Dr. Taylor,Oncology,"Wilson, Hernandez and King Pharmacy",Salinashaven,BlueCross,12.07,57.0,No
RX0000828,P5421,85,Male,Drug_18,25,Three times daily,132,2023-12-23,4,78,Dr. Acosta,Neurology,Palmer-Warren Pharmacy,South David,Medicare,75.72,45.2,No
RX0000829,P7767,70,Female,Drug_13,1000,Twice daily,272,2024-11-10,5,76,Dr. Powell,Cardiology,Ponce-Walker Pharmacy,New Harryborough,Cigna,71.04,97.2,No
RX0000830,P4646,72,Male,Drug_2,50,Three times daily,330,2024-12-18,6,73,Dr. Diaz,Neurology,Mercer-Garcia Pharmacy,New Jonathan,Aetna,81.23,89.8,Yes
RX0000831,P4323,56,Female,Drug_6,1000,Once daily,146,2026-04-20,2,75,Dr. Harris,Oncology,Hardy Inc Pharmacy,East Tiffany,Medicare,89.03,46.8,Yes
RX0000832,P4351,53,Female,Drug_35,1000,Weekly,322,2026-07-07,9,80,Dr. Powell,Neurology,Vargas-Schneider Pharmacy,Garciastad,Cigna,77.01,92.6,No
RX0000833,P2083,75,Male,Drug_55,25,Once daily,133,2026-04-19,10,39,Dr. Lee,Pulmonology,Clarke-Allen Pharmacy,Mariaport,BlueCross,85.23,81.0,No
RX0000834,P3901,32,Female,Drug_29,10,Three times daily,292,2026-02-14,2,34,Dr. Smith,Pulmonology,"Warren, Brewer and Smith Pharmacy",Jameshaven,Aetna,37.84,59.5,No
RX0000835,P8197,18,Male,Drug_44,10,Three times daily,120,2025-09-05,8,60,Dr. Martin,Neurology,Hogan Ltd Pharmacy,Maryberg,Cigna,37.62,92.3,Yes
RX0000836,P9027,26,Female,Drug_43,1000,As needed,331,2025-03-25,0,53,Dr. Hall,Psychiatry,White Group Pharmacy,Benjaminshire,Medicaid,94.71,75.9,No
RX0000837,P6323,40,Female,Drug_6,1000,Weekly,19,2025-12-04,9,61,Dr. Collins,Neurology,Jackson-Decker Pharmacy,West Christyberg,Aetna,91.88,90.9,Yes
RX0000838,P8496,69,Male,Drug_33,20,Three times daily,234,2023-08-14,11,78,Dr. Garcia,Pulmonology,Jones LLC Pharmacy,Port Jose,Medicaid,57.11,68.2,No
RX0000839,P5043,43,Female,Drug_26,50,Twice daily,15,2024-06-16,7,78,Dr. King,Pulmonology,Rogers PLC Pharmacy,Madisonville,UnitedHealth,39.82,70.0,Yes
RX0000840,P8005,77,Female,Drug_13,50,Once daily,152,2024-01-14,9,32,Dr. Miller,Cardiology,"Simmons, Mckee and Riley Pharmacy",West Kathryn,UnitedHealth,87.27,57.5,No
RX0000841,P7633,35,Other,Drug_32,10,Twice daily,169,2026-02-07,2,45,Dr. Miller,Oncology,"Carr, Hayes and Pace Pharmacy",Onealborough,UnitedHealth,35.72,63.3,No
RX0000842,P1685,75,Female,Drug_21,10,Three times daily,229,2024-05-19,4,86,Dr. Wilson,Cardiology,Long-Powers Pharmacy,Haysburgh,Medicare,19.6,74.1,No
RX0000843,P7232,82,Male,Drug_39,5,Three times daily,222,2026-01-22,2,70,Dr. Tyler,Psychiatry,"Hicks, Mccarty and Jackson Pharmacy",Port Catherine,Cigna,65.75,96.8,No
RX0000844,P6126,94,Female,Drug_39,10,Twice daily,175,2025-10-15,9,78,Dr. Gray,Oncology,Watkins Inc Pharmacy,Lake Paulaburgh,UnitedHealth,9.05,76.0,No
RX0000845,P7457,86,Female,Drug_33,200,Twice daily,32,2023-12-19,0,49,Dr. Martin,Neurology,"Schneider, Rose and Campbell Pharmacy",Granthaven,Cigna,41.01,48.8,No
RX0000846,P9784,31,Female,Drug_4,5,As needed,131,2024-08-30,9,73,Dr. Taylor,Neurology,Lloyd Group Pharmacy,Simsfurt,Cigna,81.73,40.4,No
RX0000847,P9605,63,Female,Drug_59,5,Once daily,306,2026-08-01,4,53,Dr. Garcia,Psychiatry,"Ball, Maldonado and Stewart Pharmacy",Batesside,Cigna,33.05,91.1,No
RX0000848,P1630,86,Male,Drug_43,1000,Twice daily,256,2025-11-07,7,63,Dr. Kelley,Pulmonology,"Escobar, Davenport and Fuentes Pharmacy",Brightchester,Aetna,93.47,61.9,No
RX0000849,P9530,92,Male,Drug_24,10,Once daily,16,2023-08-31,4,81,Dr. Collins,Neurology,Robinson-Rodriguez Pharmacy,New Glennburgh,Medicaid,95.8,58.9,No
RX0000850,P2791,49,Female,Drug_26,25,Weekly,111,2024-08-21,3,77,Dr. Santiago,Cardiology,"Lewis, Melendez and Mendez Pharmacy",East Melissa,Medicaid,82.5,88.0,No
RX0000851,P8399,68,Female,Drug_10,20,Three times daily,112,2023-08-18,8,52,Dr. Anderson,Pulmonology,Steele and Sons Pharmacy,Scottshire,Medicare,98.83,96.7,Yes
RX0000852,P8485,86,Male,Drug_46,25,Twice daily,7,2024-09-10,0,84,Dr. Kelley,Neurology,Clark-Perkins Pharmacy,Lake Scott,UnitedHealth,55.42,84.9,No
RX0000853,P1694,32,Female,Drug_55,200,Weekly,188,2025-01-24,4,82,Dr. Wilson,Pulmonology,Dennis-Martinez Pharmacy,Kelleyville,Medicare,59.07,50.4,No
RX0000854,P5025,70,Female,Drug_28,10,Three times daily,308,2025-01-05,0,84,Dr. Martin,Oncology,"Jackson, Garcia and Lee Pharmacy",Robertsport,Cigna,84.44,63.5,No
RX0000855,P9498,88,Female,Drug_24,10,As needed,147,2025-11-16,5,67,Dr. Conway,Neurology,"Hudson, Lopez and Kelly Pharmacy",New Joshuatown,BlueCross,51.82,85.6,No
RX0000856,P9812,86,Female,Drug_25,1000,Three times daily,236,2025-09-14,9,31,Dr. Ramos,Neurology,Dixon-Everett Pharmacy,East Angelicachester,BlueCross,43.64,94.4,No
RX0000857,P7481,32,Female,Drug_24,100,Twice daily,70,2025-05-12,8,70,Dr. Kelly,Pulmonology,"Steele, Alvarez and Bentley Pharmacy",Josephhaven,Cigna,63.4,99.9,No
RX0000858,P1643,47,Female,Drug_1,200,Weekly,84,2024-09-03,10,34,Dr. Martinez,Oncology,Smith-Lewis Pharmacy,Port Jeffreyville,UnitedHealth,67.48,70.7,Yes
RX0000859,P7347,41,Female,Drug_19,50,Weekly,238,2026-01-02,1,47,Dr. Patterson,Cardiology,"Smith, Mcpherson and Miller Pharmacy",Hallberg,Medicaid,76.34,89.4,No
RX0000860,P9456,52,Male,Drug_23,50,Weekly,93,2025-04-09,3,83,Dr. Collins,Oncology,Greene PLC Pharmacy,New Melissaborough,Medicare,68.48,42.8,No
RX0000861,P1807,86,Male,Drug_23,25,Three times daily,189,2024-12-12,7,87,Dr. Harris,Cardiology,Pena-Shields Pharmacy,Lake Theresachester,Aetna,75.84,57.1,No
RX0000862,P4110,29,Male,Drug_20,500,Once daily,325,2024-06-30,2,82,Dr. Anderson,Psychiatry,Morgan-Walker Pharmacy,Reidchester,BlueCross,69.08,62.3,No
RX0000863,P5770,63,Male,Drug_29,200,Once daily,152,2024-08-18,6,79,Dr. Obrien,Oncology,Cabrera-Nelson Pharmacy,South Robert,Medicare,50.64,98.5,No
RX0000864,P8201,86,Male,Drug_56,10,Three times daily,323,2026-07-08,11,58,Dr. Miller,Cardiology,Davis PLC Pharmacy,South Summer,BlueCross,17.82,40.2,Yes
RX0000865,P7521,53,Female,Drug_36,10,Twice daily,98,2025-09-17,6,39,Dr. Hogan,Pulmonology,"Bartlett, Williamson and Caldwell Pharmacy",Port Benjaminbury,Medicaid,79.62,58.5,No
RX0000866,P5989,65,Female,Drug_6,100,Three times daily,129,2025-12-18,1,71,Dr. Diaz,Cardiology,"Reeves, Gray and Curry Pharmacy",Michaelberg,Medicaid,7.92,95.8,No
RX0000867,P5684,84,Male,Drug_14,5,Once daily,282,2026-06-17,11,84,Dr. Hall,Psychiatry,"Campbell, Hawkins and Leonard Pharmacy",Gregoryfort,Cigna,99.29,58.4,Yes
RX0000868,P8558,71,Female,Drug_47,200,Three times daily,70,2026-01-12,9,71,Dr. Watkins,Cardiology,Berger and Sons Pharmacy,North Randy,Cigna,83.7,53.5,Yes
RX0000869,P3727,53,Female,Drug_57,500,Weekly,338,2024-01-08,3,79,Dr. Smith,Oncology,"Harmon, Stewart and Ramos Pharmacy",Meganbury,BlueCross,68.74,83.8,No
RX0000870,P7921,69,Male,Drug_29,500,Twice daily,225,2026-05-06,0,45,Dr. Tyler,Cardiology,"Wood, Allen and Henry Pharmacy",West Kennethchester,BlueCross,96.83,84.7,Yes
RX0000871,P5823,39,Female,Drug_48,20,Twice daily,198,2026-02-13,7,52,Dr. Peterson,Oncology,Mcclure-Carroll Pharmacy,East Michael,Medicare,63.18,68.3,Yes
RX0000872,P1893,55,Male,Drug_27,200,As needed,113,2023-10-31,9,59,Dr. Tyler,Psychiatry,"Smith, Cox and Munoz Pharmacy",Carrmouth,Cigna,10.36,96.8,No
RX0000873,P9470,79,Female,Drug_52,5,Three times daily,253,2024-04-24,9,35,Dr. Blevins,Cardiology,Smith Inc Pharmacy,Joshuafurt,Medicaid,58.14,52.2,No
RX0000874,P3330,82,Male,Drug_29,20,Weekly,63,2024-07-30,8,73,Dr. Taylor,Cardiology,Hall-Diaz Pharmacy,Tommymouth,UnitedHealth,31.33,94.8,No
RX0000875,P8595,20,Female,Drug_19,100,Three times daily,51,2025-07-07,0,89,Dr. Perry,Psychiatry,Ruiz-Thomas Pharmacy,Lake Amanda,Medicare,40.1,85.3,No
RX0000876,P8400,25,Female,Drug_11,1000,As needed,92,2025-10-05,10,65,Dr. Martin,Cardiology,Warren-Lamb Pharmacy,Victorchester,Medicare,48.66,62.1,No
RX0000877,P2481,56,Male,Drug_52,50,As needed,44,2023-12-09,6,49,Dr. Kelly,Oncology,"Mcneil, Rios and Pollard Pharmacy",Christianport,Aetna,78.59,88.4,No
RX0000878,P9202,35,Female,Drug_47,50,Three times daily,188,2024-10-15,0,45,Dr. Santiago,Neurology,Tucker Group Pharmacy,Jeremiahville,UnitedHealth,52.78,48.0,No
RX0000879,P2854,20,Male,Drug_58,1000,Three times daily,170,2026-06-10,11,57,Dr. Gray,Neurology,Shaffer and Sons Pharmacy,Sandraview,Medicaid,50.09,47.9,No
RX0000880,P3945,35,Female,Drug_28,1000,Three times daily,251,2024-05-01,0,83,Dr. Thomas,Oncology,Thompson Ltd Pharmacy,East Michael,Medicare,33.69,95.8,No
RX0000881,P9952,18,Female,Drug_47,100,Once daily,329,2025-10-06,8,86,Dr. Collins,Cardiology,Holmes-Rodriguez Pharmacy,West Ryanburgh,UnitedHealth,56.29,45.7,No
RX0000882,P3216,43,Female,Drug_58,50,As needed,132,2023-10-27,9,55,Dr. Guzman,Oncology,"Jones, Flores and Fisher Pharmacy",Lake Kevin,Aetna,28.6,40.2,No
RX0000883,P7440,69,Male,Drug_27,10,Twice daily,213,2024-06-25,9,51,Dr. Garcia,Psychiatry,Ruiz Group Pharmacy,Thorntonton,UnitedHealth,29.79,63.3,No
RX0000884,P7775,29,Male,Drug_9,500,Once daily,273,2023-10-29,5,83,Dr. Harris,Oncology,Smith and Sons Pharmacy,Andersonburgh,Cigna,76.94,46.2,No
RX0000885,P6299,55,Female,Drug_54,500,Weekly,360,2025-08-21,0,40,Dr. Brown,Neurology,"Mckinney, Black and Bates Pharmacy",Jeffreymouth,Medicaid,37.54,91.8,No
RX0000886,P8387,58,Male,Drug_38,200,Twice daily,93,2026-02-18,6,30,Dr. Guzman,Pulmonology,"Schmidt, Coleman and Davenport Pharmacy",Hudsonport,Cigna,9.88,95.4,No
RX0000887,P1408,70,Female,Drug_39,500,Twice daily,151,2024-05-10,2,34,Dr. Collins,Psychiatry,Malone-Johnson Pharmacy,Sandersside,Aetna,37.65,68.9,Yes
RX0000888,P3930,30,Female,Drug_6,20,Twice daily,128,2023-09-17,9,78,Dr. King,Cardiology,"Rose, Jones and Patrick Pharmacy",West Connieview,Medicaid,65.66,65.5,No
RX0000889,P8433,93,Female,Drug_10,20,As needed,104,2025-01-13,3,72,Dr. Brown,Oncology,"Saunders, Yates and Johnson Pharmacy",Rodrigueztown,BlueCross,82.33,72.3,No
RX0000890,P4308,30,Male,Drug_14,10,Weekly,295,2023-09-26,3,75,Dr. Guzman,Psychiatry,"Riley, Campos and Hopkins Pharmacy",New Stanleyshire,BlueCross,96.38,53.6,No
RX0000891,P8449,35,Female,Drug_20,5,Once daily,139,2023-09-24,7,70,Dr. Evans,Neurology,Watkins LLC Pharmacy,Brianville,BlueCross,75.89,57.9,No
RX0000892,P2477,36,Female,Drug_31,20,Weekly,343,2026-03-01,0,71,Dr. Patterson,Cardiology,"Thomas, Scott and Molina Pharmacy",Port Rebekah,UnitedHealth,45.74,46.1,No
RX0000893,P5097,36,Female,Drug_56,20,Once daily,324,2025-01-03,7,65,Dr. Reynolds,Oncology,Hess-Hayes Pharmacy,Phillipston,Medicare,33.42,66.8,No
RX0000894,P6309,87,Female,Drug_34,200,As needed,71,2023-11-05,8,31,Dr. Miller,Oncology,Butler-Harrington Pharmacy,Alvarezburgh,UnitedHealth,17.31,76.7,No
RX0000895,P3686,65,Male,Drug_22,1000,Weekly,205,2026-03-26,10,86,Dr. Anderson,Cardiology,"Calhoun, Soto and Suarez Pharmacy",Valentineport,UnitedHealth,64.63,95.8,No
RX0000896,P3024,88,Male,Drug_5,5,Twice daily,131,2026-04-21,6,35,Dr. Guzman,Pulmonology,Crawford Group Pharmacy,Port Williamville,UnitedHealth,53.44,84.3,No
RX0000897,P2494,88,Male,Drug_60,500,Weekly,352,2024-01-27,0,56,Dr. Anderson,Pulmonology,Adams-Mccoy Pharmacy,South Veronica,UnitedHealth,69.38,83.4,No
RX0000898,P2870,45,Female,Drug_38,5,As needed,214,2023-12-19,6,55,Dr. Wilson,Psychiatry,"Hamilton, Buckley and Meyers Pharmacy",Andreastad,BlueCross,27.53,58.5,No
RX0000899,P8362,36,Male,Drug_49,20,As needed,214,2025-10-29,5,64,Dr. Wilson,Oncology,Carter-Rodriguez Pharmacy,Lauriefort,Medicare,35.75,93.3,No
RX0000900,P6946,65,Female,Drug_25,25,As needed,306,2025-02-24,4,42,Dr. Campbell,Psychiatry,Anthony-Miller Pharmacy,New Teresa,Medicare,32.75,96.8,No
RX0000901,P2397,46,Female,Drug_6,500,Once daily,127,2023-11-27,4,41,Dr. Lopez,Cardiology,White Inc Pharmacy,North Brenda,Aetna,80.78,95.9,Yes
RX0000902,P9582,65,Female,Drug_1,5,Weekly,148,2024-05-20,0,47,Dr. Martinez,Psychiatry,Ross Inc Pharmacy,East Kimberly,BlueCross,21.27,42.3,No
RX0000903,P7292,36,Male,Drug_27,10,Twice daily,353,2024-12-03,5,67,Dr. Thomas,Oncology,Henderson-Nelson Pharmacy,Port Jose,Medicaid,62.8,76.3,No
RX0000904,P9383,64,Female,Drug_41,50,Twice daily,63,2024-03-14,3,71,Dr. Guzman,Pulmonology,Lee-Anderson Pharmacy,East Tom,UnitedHealth,9.88,78.6,No
RX0000905,P3619,77,Female,Drug_59,100,Three times daily,310,2024-05-06,0,35,Dr. David,Pulmonology,Pierce-Ruiz Pharmacy,Gentryview,Medicare,57.21,57.7,No
RX0000906,P7204,65,Male,Drug_18,50,As needed,151,2023-11-25,11,57,Dr. Diaz,Cardiology,"Adams, Castillo and Morris Pharmacy",Brianland,Aetna,11.07,99.5,Yes
RX0000907,P7235,37,Male,Drug_27,20,Twice daily,50,2025-05-03,7,57,Dr. Collins,Neurology,Edwards and Sons Pharmacy,East Julietown,Medicare,21.71,57.5,Yes
RX0000908,P1719,36,Female,Drug_12,200,As needed,138,2023-08-21,7,54,Dr. Frazier,Psychiatry,Schultz-Lopez Pharmacy,New Christineborough,Medicaid,15.74,53.0,No
RX0000909,P3799,59,Male,Drug_36,5,Twice daily,87,2024-02-23,11,34,Dr. Peterson,Cardiology,Watkins-Barry Pharmacy,South Jillian,Medicaid,37.94,69.0,Yes
RX0000910,P6491,94,Male,Drug_30,10,Weekly,359,2025-02-27,10,88,Dr. Frazier,Pulmonology,Jones-Medina Pharmacy,Josephhaven,BlueCross,37.65,59.4,Yes
RX0000911,P3459,93,Male,Drug_46,1000,Three times daily,36,2023-10-21,3,44,Dr. Smith,Oncology,Mendoza Ltd Pharmacy,North Robertton,Medicare,83.51,95.4,No
RX0000912,P3656,66,Male,Drug_37,25,As needed,347,2025-01-05,6,76,Dr. Hogan,Oncology,Jensen-Eaton Pharmacy,East Brittanyport,Medicaid,26.44,66.4,No
RX0000913,P3369,32,Female,Drug_49,500,Once daily,215,2025-03-08,2,73,Dr. Garcia,Neurology,Bennett-Gilbert Pharmacy,East Jessica,Cigna,13.21,64.6,Yes
RX0000914,P3930,77,Female,Drug_59,1000,Once daily,249,2026-02-07,7,38,Dr. Bailey,Neurology,Thornton-Lee Pharmacy,Port Carly,Medicaid,62.33,77.6,Yes
RX0000915,P1840,85,Female,Drug_9,200,Twice daily,189,2026-04-10,6,74,Dr. Beasley,Pulmonology,Richard-Gomez Pharmacy,Port Rogerview,Medicaid,70.31,44.9,Yes
RX0000916,P7874,44,Female,Drug_13,5,Weekly,164,2026-07-01,4,77,Dr. Jones,Neurology,Daniel Inc Pharmacy,Clarkside,Medicare,33.01,85.4,Yes
RX0000917,P6047,92,Female,Drug_12,50,As needed,152,2024-07-31,4,82,Dr. Conway,Neurology,Villarreal Group Pharmacy,South Alexanderstad,UnitedHealth,62.27,86.1,Yes
RX0000918,P6071,72,Female,Drug_54,100,Three times daily,346,2025-11-09,8,31,Dr. Bailey,Oncology,Stark-Bowman Pharmacy,New Deborahfurt,Medicaid,78.73,68.4,No
RX0000919,P8311,32,Male,Drug_25,500,Weekly,360,2025-05-25,5,78,Dr. Hernandez,Psychiatry,Ramirez-Fletcher Pharmacy,Port Aliciahaven,Aetna,38.02,97.3,No
RX0000920,P5731,69,Female,Drug_19,500,Twice daily,239,2025-11-16,5,38,Dr. David,Oncology,Harris Inc Pharmacy,Nicholeton,UnitedHealth,54.91,74.8,No
RX0000921,P3960,48,Male,Drug_36,1000,Weekly,98,2024-08-29,1,55,Dr. Evans,Oncology,Shaw Inc Pharmacy,West Matthewton,Medicaid,18.93,81.7,No
RX0000922,P2926,24,Male,Drug_32,1000,Three times daily,335,2026-04-04,10,52,Dr. Powell,Pulmonology,Fitzgerald-Henry Pharmacy,Lake Christina,Cigna,7.25,95.5,No
RX0000923,P3155,30,Male,Drug_3,25,Weekly,178,2025-06-12,4,80,Dr. Smith,Pulmonology,Meyers-Henderson Pharmacy,Katelynton,Medicaid,98.23,80.0,Yes
RX0000924,P4323,71,Male,Drug_53,100,As needed,196,2025-11-27,11,57,Dr. Anderson,Psychiatry,"Ramirez, Davis and Hudson Pharmacy",West Scottton,BlueCross,33.47,65.9,Yes
RX0000925,P1057,30,Male,Drug_53,20,Twice daily,37,2026-07-09,3,35,Dr. Lopez,Cardiology,Miller-Kelley Pharmacy,East Christopherville,Medicare,31.5,41.5,No
RX0000926,P5146,37,Male,Drug_20,5,Three times daily,115,2026-02-27,9,87,Dr. Taylor,Neurology,Snyder Ltd Pharmacy,Hernandezchester,Cigna,97.46,83.7,No
RX0000927,P1200,27,Female,Drug_54,100,Twice daily,278,2024-07-30,2,33,Dr. Reynolds,Neurology,"Young, Duncan and Mann Pharmacy",South Johnland,Aetna,74.18,97.9,Yes
RX0000928,P8514,69,Male,Drug_38,5,As needed,101,2024-07-30,8,59,Dr. Martinez,Oncology,Calderon-Summers Pharmacy,Lopezchester,Medicaid,60.6,68.2,Yes
RX0000929,P9153,54,Female,Drug_20,1000,Three times daily,83,2025-03-28,10,86,Dr. Blevins,Oncology,Jones-Walters Pharmacy,Jessicaview,Medicaid,71.44,60.4,No
RX0000930,P9169,69,Female,Drug_32,100,Three times daily,157,2026-03-06,11,76,Dr. Guzman,Psychiatry,"Jones, Young and Williams Pharmacy",Andreaton,Aetna,72.44,71.2,No
RX0000931,P9904,44,Female,Drug_36,5,Twice daily,148,2026-04-18,6,47,Dr. Collins,Neurology,"Dudley, Mitchell and Flores Pharmacy",New Jake,Medicaid,77.52,83.7,No
RX0000932,P1094,51,Male,Drug_48,20,Weekly,237,2026-03-29,3,59,Dr. Wilson,Oncology,Williams-Brown Pharmacy,West Amber,BlueCross,11.38,40.0,No
RX0000933,P9084,79,Female,Drug_30,5,Weekly,264,2024-02-27,8,56,Dr. Garcia,Oncology,Campbell Inc Pharmacy,Elizabethland,UnitedHealth,44.22,93.2,Yes
RX0000934,P4897,33,Male,Drug_15,10,Once daily,134,2024-03-24,8,73,Dr. King,Pulmonology,Evans-Ward Pharmacy,South Cherylton,UnitedHealth,33.04,93.2,Yes
RX0000935,P4553,76,Female,Drug_2,100,Once daily,354,2025-05-22,11,60,Dr. David,Cardiology,Humphrey Ltd Pharmacy,Lake Charlestown,Cigna,11.7,72.5,No
RX0000936,P8794,38,Female,Drug_51,200,Three times daily,230,2025-03-30,6,73,Dr. Frazier,Psychiatry,Baker LLC Pharmacy,South Lisahaven,Medicaid,44.2,47.3,No
RX0000937,P8434,33,Male,Drug_1,5,Twice daily,190,2025-07-08,4,81,Dr. Garcia,Cardiology,"Brown, Williams and Miller Pharmacy",West Justin,Aetna,63.54,80.3,Yes
RX0000938,P7719,30,Male,Drug_10,50,Three times daily,286,2024-04-22,8,78,Dr. Peterson,Cardiology,"Nunez, Cook and Hurley Pharmacy",New Joshuaborough,Aetna,21.96,48.3,No
RX0000939,P8239,50,Male,Drug_17,100,Twice daily,299,2024-03-08,6,68,Dr. David,Psychiatry,Smith LLC Pharmacy,Boydberg,Cigna,33.98,70.5,No
RX0000940,P2300,71,Female,Drug_20,25,As needed,35,2025-07-23,8,59,Dr. Jimenez,Neurology,Moore Group Pharmacy,Laurenburgh,BlueCross,65.72,45.6,Yes
RX0000941,P1107,86,Female,Drug_41,100,Once daily,304,2025-08-15,10,81,Dr. Martinez,Oncology,"Martinez, Saunders and Long Pharmacy",Colemanbury,Cigna,60.04,75.3,No
RX0000942,P5009,44,Female,Drug_54,50,Three times daily,24,2024-07-14,2,66,Dr. Bailey,Psychiatry,Ferrell-Osborne Pharmacy,East Michaelmouth,Medicaid,87.53,59.1,No
RX0000943,P9967,69,Male,Drug_41,200,As needed,137,2025-12-30,10,41,Dr. Diaz,Oncology,"Thompson, Woods and Ortiz Pharmacy",New Jeffreyfurt,UnitedHealth,80.17,89.9,No
RX0000944,P5556,82,Male,Drug_31,25,Weekly,275,2025-05-20,8,46,Dr. Gray,Pulmonology,Rivera Ltd Pharmacy,East Kevin,BlueCross,96.73,88.0,No
RX0000945,P4401,61,Male,Drug_8,5,Once daily,112,2024-08-16,0,63,Dr. Kelley,Cardiology,Freeman-Gonzalez Pharmacy,Glennmouth,BlueCross,61.73,99.9,Yes
RX0000946,P1801,47,Female,Drug_42,10,Twice daily,163,2024-03-31,4,57,Dr. Beasley,Pulmonology,Mccarty PLC Pharmacy,South Kristy,Aetna,71.35,55.5,No
RX0000947,P4028,40,Male,Drug_43,100,Weekly,65,2024-12-17,1,33,Dr. Patterson,Cardiology,"Wilson, Baldwin and Miller Pharmacy",North Jenniferchester,BlueCross,86.75,43.7,No
RX0000948,P3429,33,Male,Drug_58,10,Weekly,98,2025-05-31,0,63,Dr. Doyle,Neurology,"Hebert, Burton and Tyler Pharmacy",East Nicoleberg,Medicaid,84.8,66.6,Yes
RX0000949,P1902,72,Female,Drug_19,50,As needed,266,2024-08-24,2,75,Dr. Evans,Psychiatry,Lindsey-Vasquez Pharmacy,Courtneyside,Medicaid,73.28,45.0,No
RX0000950,P6718,35,Female,Drug_27,25,Three times daily,57,2023-11-17,6,43,Dr. Jones,Neurology,"Carter, Reeves and Powell Pharmacy",Charlesbury,Medicaid,52.52,50.7,Yes
RX0000951,P1601,34,Female,Drug_12,200,Three times daily,139,2024-03-10,2,42,Dr. Smith,Cardiology,"Foster, Diaz and Lee Pharmacy",Port Jacob,UnitedHealth,30.95,75.8,Yes
RX0000952,P3381,92,Male,Drug_32,25,As needed,173,2026-03-01,9,78,Dr. David,Pulmonology,"Munoz, Luna and Rogers Pharmacy",South Faith,Medicare,88.34,75.5,No
RX0000953,P1531,69,Female,Drug_59,200,Weekly,303,2024-05-09,9,87,Dr. Campbell,Cardiology,Torres-Harris Pharmacy,North Larry,BlueCross,78.78,42.6,Yes
RX0000954,P5889,62,Female,Drug_45,500,Once daily,11,2025-09-15,10,78,Dr. Blevins,Neurology,"Hernandez, Reynolds and Stewart Pharmacy",East Stephanieborough,BlueCross,84.6,66.6,No
RX0000955,P6424,73,Female,Drug_42,200,Weekly,142,2024-11-28,8,83,Dr. Morris,Neurology,"Hernandez, James and Johnson Pharmacy",West Samuel,Medicaid,18.37,71.8,No
RX0000956,P2436,71,Male,Drug_16,10,As needed,232,2026-05-26,2,79,Dr. Ramos,Pulmonology,Freeman Group Pharmacy,Wandaton,Aetna,34.91,56.1,Yes
RX0000957,P1803,26,Male,Drug_2,5,Weekly,190,2024-01-07,10,32,Dr. Brown,Pulmonology,Rose Inc Pharmacy,West Kimberly,UnitedHealth,45.36,92.3,No
RX0000958,P2784,34,Male,Drug_8,50,Weekly,97,2025-01-12,5,50,Dr. Hernandez,Neurology,Mcmillan and Sons Pharmacy,South Meghanstad,BlueCross,84.64,49.7,No
RX0000959,P7831,44,Female,Drug_49,200,Weekly,314,2024-07-16,1,45,Dr. Guzman,Cardiology,Brown Ltd Pharmacy,East Ryan,Medicare,89.82,55.2,No
RX0000960,P3920,54,Male,Drug_18,5,Weekly,195,2024-03-27,7,80,Dr. Kelley,Cardiology,"Mann, Fowler and Harper Pharmacy",North Susanhaven,BlueCross,32.06,49.4,No
RX0000961,P3643,39,Female,Drug_32,500,Once daily,309,2024-05-12,9,67,Dr. Campbell,Psychiatry,Kelly and Sons Pharmacy,Port Kristin,Cigna,70.21,47.0,No
RX0000962,P5659,89,Female,Drug_5,20,Twice daily,344,2024-09-16,4,84,Dr. Davenport,Neurology,"Mcdonald, Sparks and Allen Pharmacy",Moraleshaven,Medicare,12.39,92.7,Yes
RX0000963,P3906,84,Female,Drug_39,200,Twice daily,328,2025-09-18,1,55,Dr. King,Psychiatry,Lopez Inc Pharmacy,West Scotthaven,Aetna,43.91,56.7,Yes
RX0000964,P8460,55,Male,Drug_48,20,Three times daily,139,2024-04-15,6,35,Dr. Campbell,Neurology,"Perez, Cuevas and Goodwin Pharmacy",Port Megan,Medicare,51.23,83.4,No
RX0000965,P6901,89,Female,Drug_24,25,Twice daily,178,2024-04-29,2,47,Dr. Acosta,Psychiatry,"Hendrix, Lynch and Owens Pharmacy",Port Matthewside,Medicare,77.74,65.7,Yes
RX0000966,P1587,61,Female,Drug_38,500,Twice daily,256,2023-11-21,4,70,Dr. Patterson,Oncology,"Mills, Hendrix and Turner Pharmacy",Jeffreymouth,BlueCross,89.74,78.2,No
RX0000967,P2525,53,Male,Drug_31,10,Twice daily,67,2025-07-17,10,79,Dr. Jimenez,Cardiology,Mcdonald Inc Pharmacy,East Audrey,Medicare,37.04,95.7,No
RX0000968,P5903,42,Female,Drug_37,100,Weekly,56,2024-01-08,8,35,Dr. Patterson,Cardiology,Thomas-Lopez Pharmacy,Guerreroview,Medicaid,55.14,90.7,Yes
RX0000969,P6289,59,Male,Drug_28,1000,Weekly,229,2024-04-05,0,70,Dr. Kelly,Oncology,Smith-Williams Pharmacy,Denisetown,UnitedHealth,66.51,44.1,Yes
RX0000970,P7038,30,Female,Drug_56,1000,Once daily,178,2025-02-01,1,86,Dr. David,Pulmonology,"Rios, Becker and Mcneil Pharmacy",Pachecoport,Medicare,36.23,90.7,Yes
RX0000971,P7208,73,Male,Drug_17,50,Weekly,325,2024-10-13,4,79,Dr. Gray,Oncology,Holt LLC Pharmacy,Mayertown,BlueCross,98.63,67.1,No
RX0000972,P2108,68,Female,Drug_41,20,Weekly,231,2026-01-02,3,54,Dr. Harris,Cardiology,Perry and Sons Pharmacy,Webbport,Medicaid,88.2,61.0,No
RX0000973,P8001,67,Female,Drug_44,100,Twice daily,197,2026-03-22,0,77,Dr. Bailey,Neurology,"Ward, Gilmore and Velasquez Pharmacy",Port Daniel,Aetna,33.16,80.3,Yes
RX0000974,P2063,94,Male,Drug_31,1000,Once daily,271,2024-04-22,6,53,Dr. Tyler,Psychiatry,"Ponce, Crane and Jones Pharmacy",Port Rebeccashire,Cigna,53.25,97.0,Yes
RX0000975,P5797,69,Female,Drug_45,100,Once daily,250,2025-01-18,8,59,Dr. Collins,Cardiology,Mendoza Inc Pharmacy,New Roberthaven,Medicare,26.93,45.6,No
RX0000976,P8713,50,Female,Drug_53,25,Twice daily,85,2025-12-10,0,52,Dr. Conway,Oncology,Cummings Group Pharmacy,Emilyport,Medicaid,53.88,86.1,Yes
RX0000977,P3204,42,Female,Drug_8,50,Twice daily,349,2024-10-16,7,74,Dr. Tyler,Neurology,Barber-Jarvis Pharmacy,Lake Tammyview,Medicaid,69.92,52.2,No
RX0000978,P2999,75,Male,Drug_24,200,Once daily,28,2026-08-02,8,72,Dr. Martin,Cardiology,Garcia LLC Pharmacy,Tammyview,Aetna,13.12,62.8,No
RX0000979,P5496,57,Male,Drug_33,20,As needed,42,2025-03-13,1,37,Dr. Reynolds,Oncology,Reeves-Wilson Pharmacy,North Jeffrey,Aetna,87.66,92.4,No
RX0000980,P6393,55,Female,Drug_47,1000,Twice daily,336,2025-04-21,0,87,Dr. Lee,Cardiology,"Brooks, Joseph and Jackson Pharmacy",Morganfurt,Cigna,61.41,72.7,No
RX0000981,P9635,20,Male,Drug_37,5,Twice daily,162,2024-04-18,5,85,Dr. Kelley,Oncology,Wood Group Pharmacy,West Thomasmouth,Cigna,99.01,44.0,No
RX0000982,P7779,33,Female,Drug_2,500,Once daily,62,2024-12-14,6,78,Dr. Hogan,Oncology,Smith Inc Pharmacy,Cassandraburgh,BlueCross,7.43,70.5,No
RX0000983,P9595,19,Male,Drug_55,50,As needed,361,2025-08-03,1,38,Dr. Wilson,Cardiology,"Lawson, Campos and Rodriguez Pharmacy",North Steventown,Cigna,83.99,87.4,Yes
RX0000984,P4438,40,Male,Drug_17,1000,As needed,254,2025-01-09,4,35,Dr. Price,Neurology,Cochran-Acosta Pharmacy,Jonathanbury,Cigna,80.24,71.7,No
RX0000985,P4425,47,Female,Drug_11,10,Three times daily,267,2024-02-24,4,62,Dr. Patterson,Cardiology,"Price, Hansen and Berry Pharmacy",Lisahaven,Medicaid,17.62,50.0,No
RX0000986,P1953,27,Female,Drug_38,5,As needed,266,2024-02-17,6,62,Dr. Kelly,Cardiology,Diaz-Kelly Pharmacy,West Christopherborough,Medicare,36.85,66.7,Yes
RX0000987,P2790,82,Female,Drug_4,200,Twice daily,21,2026-05-05,11,74,Dr. Hernandez,Neurology,Ballard and Sons Pharmacy,East Ryanmouth,Medicare,89.06,95.5,Yes
RX0000988,P9666,39,Female,Drug_10,1000,Weekly,194,2026-07-22,10,36,Dr. Patterson,Cardiology,Long-Hamilton Pharmacy,East Jacquelinechester,UnitedHealth,54.25,79.5,Yes
RX0000989,P2436,69,Female,Drug_21,50,Once daily,32,2024-04-05,0,71,Dr. Peterson,Psychiatry,Davis-Conley Pharmacy,Julieborough,Cigna,43.12,83.8,Yes
RX0000990,P8924,73,Female,Drug_30,25,Twice daily,29,2023-08-20,9,47,Dr. Martin,Psychiatry,Mullins Group Pharmacy,South Brandonberg,UnitedHealth,91.02,87.2,No
RX0000991,P5705,50,Female,Drug_57,25,Once daily,109,2023-12-13,7,35,Dr. Miller,Psychiatry,Lewis-Combs Pharmacy,Jacobside,UnitedHealth,13.87,45.4,Yes
RX0000992,P7996,47,Female,Drug_45,500,As needed,35,2024-08-31,4,74,Dr. Davenport,Oncology,"Martinez, Schneider and Sparks Pharmacy",Patriciaville,BlueCross,49.95,74.9,No
RX0000993,P6185,41,Female,Drug_9,5,Once daily,348,2024-12-27,11,66,Dr. Evans,Pulmonology,"Young, Smith and Gonzalez Pharmacy",Douglasville,BlueCross,66.98,62.6,No
RX0000994,P5254,22,Male,Drug_23,5,Twice daily,63,2026-02-23,2,50,Dr. Conway,Cardiology,Steele-Butler Pharmacy,South Carrie,Medicare,62.81,48.3,No
RX0000995,P9608,70,Female,Drug_11,500,Weekly,68,2024-10-26,8,55,Dr. Bailey,Pulmonology,Jones-Scott Pharmacy,Ryanfort,Aetna,30.11,52.2,No
RX0000996,P6797,72,Male,Drug_4,10,Twice daily,54,2025-04-03,10,44,Dr. Hernandez,Psychiatry,"Knight, Garcia and Cooper Pharmacy",North Victoria,Medicaid,58.51,86.9,No
RX0000997,P3125,40,Male,Drug_18,100,Three times daily,41,2025-05-21,2,73,Dr. Collins,Neurology,Lane LLC Pharmacy,Brianhaven,Cigna,72.31,49.7,Yes
RX0000998,P9132,93,Male,Drug_24,10,Once daily,52,2026-04-23,6,83,Dr. Wilson,Psychiatry,Jarvis LLC Pharmacy,Johnsonport,Medicaid,60.56,58.7,Yes
RX0000999,P9514,27,Male,Drug_27,50,Twice daily,39,2024-03-29,9,59,Dr. Jones,Cardiology,"Simpson, Larson and Lopez Pharmacy",New Tanyafort,Cigna,70.02,57.1,Yes
RX0001000,P9154,50,Male,Drug_41,20,As needed,333,2025-12-30,11,40,Dr. Tyler,Pulmonology,"Davis, Bailey and Hamilton Pharmacy",New Maryside,Cigna,29.33,42.9,No
RX0001001,P9069,79,Female,Drug_59,200,As needed,232,2024-08-02,6,37,Dr. Ramos,Pulmonology,Garcia PLC Pharmacy,Lindachester,UnitedHealth,84.12,67.7,Yes
RX0001002,P3947,44,Female,Drug_23,1000,Twice daily,272,2026-01-22,9,34,Dr. Frazier,Oncology,"Holloway, Mcintyre and Lee Pharmacy",Bradleystad,Medicare,47.72,86.0,No
RX0001003,P4812,24,Male,Drug_4,10,Three times daily,222,2025-10-16,11,37,Dr. Reynolds,Neurology,Cabrera LLC Pharmacy,West Jasonland,Medicaid,98.79,41.3,No
RX0001004,P5759,44,Female,Drug_19,200,Once daily,223,2024-04-17,7,34,Dr. Hernandez,Psychiatry,"Mcdonald, Haney and Conway Pharmacy",Moodychester,Medicaid,7.21,46.8,Yes
RX0001005,P4171,91,Female,Drug_19,500,Three times daily,182,2024-06-24,9,39,Dr. Hernandez,Neurology,Lozano and Sons Pharmacy,Waltonport,Aetna,41.13,83.2,No
RX0001006,P1025,27,Female,Drug_34,500,Weekly,50,2025-02-11,7,44,Dr. Santiago,Cardiology,Thompson-Ochoa Pharmacy,Ericberg,Aetna,22.15,75.6,No
RX0001007,P2936,92,Male,Drug_41,200,Twice daily,225,2025-11-02,3,67,Dr. Doyle,Oncology,"Barron, Mcdaniel and Velazquez Pharmacy",Webbberg,Medicaid,57.78,82.9,No
RX0001008,P1392,74,Female,Drug_60,25,Three times daily,132,2024-10-29,0,85,Dr. Smith,Psychiatry,"Diaz, Martinez and Meyer Pharmacy",Kimberlybury,Aetna,28.1,53.8,No
RX0001009,P8616,47,Male,Drug_5,25,Weekly,325,2026-07-31,3,79,Dr. Perry,Cardiology,"Rodgers, Brown and Russell Pharmacy",North Hannahburgh,Aetna,75.06,88.2,Yes
RX0001010,P2932,20,Male,Drug_33,1000,Three times daily,311,2024-05-10,5,84,Dr. Wilson,Neurology,Banks-Cowan Pharmacy,South Richard,Cigna,88.78,68.8,Yes
RX0001011,P4396,46,Male,Drug_13,1000,Weekly,206,2024-01-04,9,32,Dr. Jones,Oncology,Randall-Johnson Pharmacy,East Jeffrey,Medicare,25.03,76.6,Yes
RX0001012,P7793,31,Female,Drug_50,50,As needed,91,2023-10-09,10,70,Dr. Evans,Psychiatry,Mullins-Proctor Pharmacy,Chasestad,Cigna,20.26,45.5,Yes
RX0001013,P7783,94,Female,Drug_41,200,As needed,47,2023-12-04,5,39,Dr. Anderson,Neurology,Thornton-Lynch Pharmacy,Hendricksfurt,UnitedHealth,88.16,52.3,No
RX0001014,P1745,42,Male,Drug_12,200,Twice daily,217,2025-09-19,5,36,Dr. Powell,Psychiatry,"Watson, Graham and Ortiz Pharmacy",South Kyle,Aetna,39.32,86.4,No
RX0001015,P6468,27,Male,Drug_49,1000,Three times daily,360,2024-10-04,11,80,Dr. Kelly,Oncology,Page and Sons Pharmacy,West Gloria,Cigna,46.29,53.4,Yes
RX0001016,P6728,66,Female,Drug_7,200,As needed,45,2025-09-05,6,53,Dr. Hall,Oncology,"Hoover, Sanchez and Gaines Pharmacy",Wilsonchester,Cigna,25.99,45.6,Yes
RX0001017,P4478,55,Female,Drug_39,500,Once daily,275,2026-05-27,11,55,Dr. Davenport,Neurology,Holmes-Clark Pharmacy,Feliciaton,BlueCross,45.4,75.8,No
RX0001018,P1185,88,Male,Drug_49,200,As needed,187,2026-01-30,10,63,Dr. Watkins,Psychiatry,Nelson Inc Pharmacy,West Danielle,Cigna,26.97,72.9,Yes
RX0001019,P4296,31,Female,Drug_11,25,As needed,237,2023-12-24,0,87,Dr. Garcia,Pulmonology,Rodriguez LLC Pharmacy,Lake Heatherborough,Cigna,68.26,76.5,No
RX0001020,P5614,47,Female,Drug_35,10,Three times daily,76,2024-01-19,9,89,Dr. Doyle,Cardiology,Wright Inc Pharmacy,Lake Dominicborough,Medicare,52.39,77.1,Yes
RX0001021,P5168,57,Male,Drug_21,20,Weekly,319,2026-01-23,0,37,Dr. Frazier,Oncology,Solis Ltd Pharmacy,Bellside,Medicaid,79.87,70.0,No
RX0001022,P2111,29,Female,Drug_56,200,Once daily,82,2026-05-09,6,68,Dr. Reynolds,Psychiatry,Osborne-Nichols Pharmacy,Lake Michael,BlueCross,34.71,69.6,No
RX0001023,P6042,31,Male,Drug_21,1000,Once daily,282,2024-04-22,11,89,Dr. Ramos,Neurology,"Morris, Blackwell and Jordan Pharmacy",Courtneyshire,BlueCross,53.03,95.4,No
RX0001024,P5919,18,Female,Drug_53,10,Weekly,240,2025-07-19,3,34,Dr. Bailey,Neurology,"Hawkins, Gonzalez and Kelly Pharmacy",Chrisburgh,BlueCross,29.65,72.0,Yes
RX0001025,P9301,85,Male,Drug_55,200,Three times daily,324,2026-01-12,5,65,Dr. Evans,Oncology,Donaldson-Torres Pharmacy,South Billyburgh,UnitedHealth,93.78,77.0,No
RX0001026,P6307,66,Male,Drug_44,25,As needed,325,2024-11-29,5,72,Dr. Garcia,Oncology,Escobar-Hendricks Pharmacy,West Josephton,BlueCross,54.58,56.0,No
RX0001027,P1100,35,Female,Drug_52,200,Weekly,142,2025-02-17,8,55,Dr. Hogan,Pulmonology,Jones LLC Pharmacy,West Erinbury,Medicare,21.48,92.3,No
RX0001028,P2865,53,Female,Drug_20,50,Once daily,160,2024-07-19,1,89,Dr. Ramos,Neurology,"Price, Valentine and Thomas Pharmacy",Jamesstad,Medicaid,30.91,41.5,No
RX0001029,P6460,81,Male,Drug_18,200,Once daily,300,2026-04-20,3,39,Dr. Jones,Psychiatry,"Warner, Michael and Middleton Pharmacy",North Daniel,UnitedHealth,12.88,73.4,No
RX0001030,P6592,45,Male,Drug_44,100,As needed,354,2025-12-24,3,62,Dr. Martinez,Cardiology,Wise and Sons Pharmacy,North Markside,Medicare,7.64,63.0,No
RX0001031,P7488,49,Male,Drug_45,10,As needed,105,2024-06-27,6,65,Dr. Guzman,Cardiology,Osborne and Sons Pharmacy,Boonemouth,BlueCross,54.96,76.2,Yes
RX0001032,P1477,89,Female,Drug_45,200,Twice daily,364,2026-05-13,0,83,Dr. Ramos,Pulmonology,Swanson LLC Pharmacy,Hannahstad,Medicaid,37.03,61.6,No
RX0001033,P3877,42,Female,Drug_24,50,Weekly,136,2026-03-03,4,60,Dr. Garcia,Psychiatry,Duarte-Schultz Pharmacy,North Brett,Medicare,96.56,83.1,No
RX0001034,P4178,64,Female,Drug_7,1000,As needed,13,2026-04-28,10,67,Dr. Davenport,Cardiology,"Brown, Fleming and Gibson Pharmacy",Lake Franklinchester,Medicaid,21.28,41.2,Yes
RX0001035,P6415,37,Female,Drug_35,5,Twice daily,111,2026-03-07,3,79,Dr. Collins,Cardiology,Nguyen-Davis Pharmacy,North Lance,UnitedHealth,80.42,64.4,No
RX0001036,P6536,50,Female,Drug_38,5,Three times daily,313,2024-06-22,1,54,Dr. Obrien,Psychiatry,Alvarado Ltd Pharmacy,Solisberg,Medicare,35.02,89.9,No
RX0001037,P8849,47,Female,Drug_23,10,Once daily,56,2025-09-07,4,74,Dr. Hernandez,Psychiatry,"Cox, Lewis and Rivera Pharmacy",New Alfred,Medicaid,26.24,55.0,No
RX0001038,P8774,54,Female,Drug_53,500,Weekly,230,2025-10-17,8,42,Dr. Morris,Oncology,Robinson Ltd Pharmacy,Jofurt,Medicare,97.12,43.2,No
RX0001039,P1582,70,Female,Drug_10,1000,Three times daily,70,2023-08-27,7,30,Dr. Thomas,Cardiology,Smith-Gordon Pharmacy,North Katelynton,BlueCross,81.24,69.8,Yes
RX0001040,P3224,91,Female,Drug_1,200,Weekly,187,2024-12-28,8,65,Dr. Jones,Cardiology,"Henson, Crawford and Cooper Pharmacy",South Jody,BlueCross,64.91,98.6,Yes
RX0001041,P8888,86,Male,Drug_9,5,Weekly,81,2026-01-11,6,65,Dr. Wilson,Pulmonology,Mcdowell-Day Pharmacy,East Joshuashire,BlueCross,71.23,43.8,Yes
RX0001042,P3545,25,Male,Drug_34,200,As needed,272,2024-01-08,9,79,Dr. Tyler,Oncology,Hall Ltd Pharmacy,Smithport,UnitedHealth,99.18,44.2,No
RX0001043,P8546,18,Male,Drug_19,500,Twice daily,195,2024-03-13,6,53,Dr. Peterson,Oncology,"Mora, Warner and Ross Pharmacy",Warrenchester,Medicare,61.35,75.7,No
RX0001044,P9797,24,Female,Drug_24,200,Weekly,189,2026-01-22,1,56,Dr. Frazier,Cardiology,Garcia-Tyler Pharmacy,South Cameronport,Medicaid,14.68,55.0,No
RX0001045,P6490,79,Male,Drug_50,50,Three times daily,361,2024-10-07,11,47,Dr. Collins,Neurology,Torres-Sims Pharmacy,South Mary,Medicaid,11.16,64.6,No
RX0001046,P8577,75,Male,Drug_32,200,Weekly,74,2024-08-27,2,79,Dr. Collins,Neurology,Mcpherson-Hayes Pharmacy,Angelaside,Aetna,68.33,89.8,Yes
RX0001047,P7782,90,Other,Drug_27,10,Twice daily,176,2024-07-31,10,76,Dr. Lee,Psychiatry,Wong-Sanchez Pharmacy,Townsendbury,Cigna,67.47,51.9,No
RX0001048,P1917,25,Female,Drug_22,1000,Once daily,328,2025-10-31,9,79,Dr. Lopez,Oncology,English-Graham Pharmacy,South Andrew,BlueCross,76.08,83.2,No
RX0001049,P9537,81,Female,Drug_59,10,Weekly,178,2024-01-21,7,44,Dr. Hogan,Cardiology,"Brown, Campbell and Hines Pharmacy",Cynthiastad,BlueCross,15.33,70.3,No
RX0001050,P5904,25,Male,Drug_59,10,Three times daily,290,2026-05-21,10,46,Dr. Kelley,Cardiology,Cuevas Group Pharmacy,Port Maryfurt,BlueCross,94.77,94.3,No
RX0001051,P6169,20,Female,Drug_11,50,Once daily,113,2024-06-30,1,58,Dr. Garcia,Cardiology,Smith-Grant Pharmacy,Lauramouth,Aetna,57.36,98.4,No
RX0001052,P9779,75,Male,Drug_7,500,Once daily,117,2023-09-10,6,34,Dr. Powell,Pulmonology,"Hebert, Hughes and Parker Pharmacy",Schmidtborough,Aetna,66.71,69.1,No
RX0001053,P1306,49,Male,Drug_14,100,As needed,84,2024-10-06,11,40,Dr. Bailey,Neurology,Peck-Mckay Pharmacy,Josephfort,Aetna,8.31,75.1,No
RX0001054,P4412,85,Male,Drug_10,1000,As needed,192,2024-11-26,5,45,Dr. Martin,Pulmonology,Gilbert Inc Pharmacy,Andrewport,BlueCross,96.29,84.8,No
RX0001055,P6434,66,Female,Drug_33,100,Weekly,259,2024-02-16,11,81,Dr. Conway,Cardiology,Elliott-Hobbs Pharmacy,Monicaland,Medicaid,58.45,59.1,No
RX0001056,P6793,55,Male,Drug_15,50,Three times daily,242,2026-06-05,9,63,Dr. Lee,Cardiology,Bowers-Calderon Pharmacy,Lake Destiny,BlueCross,58.52,53.6,No
RX0001057,P2084,19,Female,Drug_54,5,As needed,99,2023-12-05,3,46,Dr. Reynolds,Oncology,Lewis-Collins Pharmacy,South Nicholas,Aetna,94.64,97.9,Yes
RX0001058,P3446,26,Female,Drug_13,500,Twice daily,136,2024-03-08,10,62,Dr. Thomas,Oncology,Keith Group Pharmacy,Loritown,Aetna,93.29,66.0,No
RX0001059,P5595,63,Male,Drug_51,20,Twice daily,189,2024-07-06,3,79,Dr. Lopez,Neurology,Collier Ltd Pharmacy,Danielview,Cigna,25.93,40.1,Yes
RX0001060,P1510,82,Male,Drug_58,10,Once daily,40,2025-12-28,2,78,Dr. Taylor,Psychiatry,"Thompson, Hale and Bradley Pharmacy",East Eric,Medicare,93.45,90.3,Yes
RX0001061,P6556,66,Male,Drug_36,200,Once daily,309,2026-02-07,5,86,Dr. Conway,Cardiology,"Calderon, White and Gonzalez Pharmacy",Perkinsstad,Cigna,74.98,76.0,Yes
RX0001062,P7147,92,Female,Drug_40,10,Once daily,228,2026-06-15,2,60,Dr. Price,Oncology,Petersen Inc Pharmacy,Laurenbury,Cigna,6.8,50.1,No
RX0001063,P9753,46,Male,Drug_45,5,Twice daily,288,2024-09-04,8,47,Dr. Ramos,Neurology,Rodriguez-Cruz Pharmacy,Jennifermouth,BlueCross,27.79,41.8,Yes
RX0001064,P3719,46,Male,Drug_54,10,As needed,346,2024-07-13,3,80,Dr. Campbell,Pulmonology,Lopez-Ortiz Pharmacy,Michellemouth,Medicare,44.23,57.5,No
RX0001065,P7382,50,Male,Drug_34,100,As needed,7,2025-06-04,3,54,Dr. Obrien,Cardiology,Ellis Group Pharmacy,East Laurieburgh,Medicare,60.37,95.7,No
RX0001066,P4070,45,Female,Drug_55,10,Weekly,103,2025-09-27,1,34,Dr. Martin,Psychiatry,Thompson LLC Pharmacy,Lake Stevenmouth,BlueCross,71.63,96.0,Yes
RX0001067,P2914,43,Male,Drug_35,5,Three times daily,93,2025-10-27,1,59,Dr. Blevins,Neurology,Hammond-Lewis Pharmacy,New Larry,Medicaid,24.97,58.7,No
RX0001068,P6050,46,Male,Drug_46,5,Twice daily,337,2025-06-07,6,74,Dr. Peterson,Psychiatry,"Parker, Garcia and Fisher Pharmacy",West Michaelton,UnitedHealth,84.49,90.2,Yes
RX0001069,P6152,28,Male,Drug_36,25,Once daily,258,2024-02-25,4,85,Dr. Reynolds,Cardiology,"Irwin, Turner and Gonzalez Pharmacy",Brownview,BlueCross,85.34,66.5,Yes
RX0001070,P1518,51,Female,Drug_45,500,Three times daily,21,2025-05-13,2,52,Dr. Thomas,Neurology,"Ward, Nelson and Williams Pharmacy",Port Lawrenceport,Medicaid,65.32,79.3,No
RX0001071,P5448,65,Male,Drug_49,100,Once daily,148,2024-12-22,5,67,Dr. Price,Oncology,"Smith, Stein and Golden Pharmacy",New Andrewstad,Medicaid,92.5,60.1,No
RX0001072,P7780,44,Female,Drug_52,25,Three times daily,317,2026-04-29,5,74,Dr. Beasley,Psychiatry,Andrews-Benitez Pharmacy,Lake Carolyn,Medicare,82.23,71.0,Yes
RX0001073,P2422,89,Male,Drug_8,100,Three times daily,295,2026-04-27,0,47,Dr. Acosta,Pulmonology,"Smith, Yang and Simon Pharmacy",New Trevorhaven,BlueCross,26.05,57.6,No
RX0001074,P9143,57,Female,Drug_27,100,As needed,76,2025-03-22,2,61,Dr. Evans,Pulmonology,Pittman LLC Pharmacy,Adamsbury,BlueCross,80.87,43.7,Yes
RX0001075,P4893,48,Female,Drug_30,1000,Weekly,318,2025-08-10,11,59,Dr. King,Psychiatry,"Gonzalez, Davis and Juarez Pharmacy",Banksfort,Medicare,95.55,48.4,No
RX0001076,P7088,82,Female,Drug_59,25,Weekly,285,2023-12-31,4,58,Dr. Doyle,Cardiology,Williams-Holmes Pharmacy,Lake James,Cigna,18.07,57.4,Yes
RX0001077,P8404,56,Male,Drug_5,100,Once daily,60,2024-06-25,10,65,Dr. Perry,Cardiology,Wolf Group Pharmacy,Howardside,BlueCross,97.98,98.6,No
RX0001078,P5958,41,Male,Drug_8,5,Twice daily,352,2024-05-24,10,38,Dr. Collins,Cardiology,Mason-Jones Pharmacy,East Bill,UnitedHealth,7.37,97.9,No
RX0001079,P4541,85,Male,Drug_53,200,Weekly,308,2024-02-15,6,52,Dr. Conway,Pulmonology,"Barker, Simmons and Aguilar Pharmacy",Port Jessicafort,UnitedHealth,54.61,89.7,No
RX0001080,P9603,40,Female,Drug_9,200,Twice daily,258,2024-05-06,3,32,Dr. Ramos,Pulmonology,Bartlett Ltd Pharmacy,Robinsonstad,Aetna,78.52,54.0,No
RX0001081,P5953,78,Female,Drug_60,5,Once daily,253,2024-06-27,11,51,Dr. Obrien,Oncology,"Thomas, Rodriguez and Smith Pharmacy",Johnland,Aetna,80.09,66.5,No
RX0001082,P3867,44,Male,Drug_2,500,Twice daily,140,2024-09-22,7,85,Dr. Acosta,Cardiology,Santiago Inc Pharmacy,South James,BlueCross,74.79,66.4,No
RX0001083,P2838,33,Female,Drug_31,50,Three times daily,250,2025-05-16,2,85,Dr. Martin,Pulmonology,Davidson-Cardenas Pharmacy,Ramosshire,Medicaid,55.29,63.2,No
RX0001084,P7131,62,Male,Drug_23,1000,Three times daily,245,2026-04-21,5,69,Dr. Collins,Pulmonology,Anderson Ltd Pharmacy,Castanedastad,UnitedHealth,66.84,42.7,Yes
RX0001085,P1612,44,Female,Drug_20,500,Once daily,23,2024-09-05,5,74,Dr. Taylor,Cardiology,"Blake, Garcia and Walker Pharmacy",Meganmouth,UnitedHealth,71.49,72.1,No
RX0001086,P4311,90,Male,Drug_45,20,Twice daily,355,2025-09-19,8,85,Dr. Hernandez,Cardiology,Hester Inc Pharmacy,Tiffanychester,Medicare,51.98,44.4,Yes
RX0001087,P2517,22,Male,Drug_24,5,Twice daily,285,2024-03-12,3,87,Dr. Lee,Pulmonology,Norton-Galvan Pharmacy,Murphychester,UnitedHealth,61.59,88.1,No
RX0001088,P8270,76,Male,Drug_9,20,Once daily,239,2023-11-07,6,60,Dr. Morris,Psychiatry,Cole-Foster Pharmacy,Carlville,Medicaid,85.4,81.5,No
RX0001089,P9290,89,Female,Drug_53,10,Weekly,358,2025-03-29,9,51,Dr. Anderson,Pulmonology,Gray-Williams Pharmacy,North Stephen,Aetna,34.72,61.2,No
RX0001090,P1408,52,Female,Drug_29,10,As needed,160,2026-02-06,0,40,Dr. Smith,Oncology,Carroll-Paul Pharmacy,Port Alexisside,Aetna,54.7,78.8,Yes
RX0001091,P8907,87,Male,Drug_57,25,Weekly,192,2026-02-16,10,71,Dr. Santiago,Neurology,"Ramirez, Brooks and Bates Pharmacy",West Kendra,Medicare,5.81,54.0,No
RX0001092,P9192,63,Female,Drug_39,10,As needed,89,2023-10-09,0,72,Dr. Acosta,Cardiology,Jones-Wells Pharmacy,Lake Shannon,Aetna,70.31,55.9,Yes
RX0001093,P3524,73,Male,Drug_34,500,Twice daily,61,2025-08-03,1,32,Dr. Garcia,Oncology,Schneider Group Pharmacy,West Rhonda,Cigna,23.56,58.8,Yes
RX0001094,P4116,41,Male,Drug_49,50,As needed,68,2023-11-11,3,86,Dr. Jimenez,Psychiatry,Carter-Campbell Pharmacy,West Lisaland,Aetna,50.7,87.8,Yes
RX0001095,P6572,27,Male,Drug_22,5,As needed,364,2025-07-13,11,43,Dr. Frazier,Neurology,Montgomery PLC Pharmacy,Angelaberg,UnitedHealth,24.97,52.6,Yes
RX0001096,P8921,55,Female,Drug_12,100,Twice daily,65,2025-07-16,5,75,Dr. Hernandez,Pulmonology,Evans-Morris Pharmacy,Lake Brandi,Medicaid,7.24,73.8,No
RX0001097,P9579,87,Female,Drug_46,200,Three times daily,148,2024-12-14,3,48,Dr. Evans,Cardiology,"Spencer, Williams and Parker Pharmacy",Lambertburgh,Medicaid,50.91,52.0,No
RX0001098,P6084,65,Female,Drug_20,5,As needed,155,2026-07-09,5,89,Dr. Acosta,Pulmonology,Phillips and Sons Pharmacy,South Kimberly,Cigna,45.36,57.1,Yes
RX0001099,P6363,26,Female,Drug_2,20,Once daily,180,2024-05-02,1,89,Dr. Diaz,Oncology,Brown-Huff Pharmacy,Kingshire,Medicaid,45.39,54.1,No
RX0001100,P3347,67,Male,Drug_48,1000,Weekly,317,2026-01-01,8,60,Dr. Obrien,Cardiology,"Black, Montgomery and Bell Pharmacy",Lake Nicholasstad,Medicaid,24.84,78.7,No
RX0001101,P2609,86,Female,Drug_53,200,Twice daily,68,2023-12-05,10,65,Dr. Hogan,Pulmonology,Brown Group Pharmacy,Christinemouth,Medicaid,94.98,71.6,No
RX0001102,P9456,65,Male,Drug_8,25,Twice daily,173,2024-12-18,2,61,Dr. Kelley,Cardiology,Black and Sons Pharmacy,Jeanettebury,BlueCross,5.33,83.3,No
RX0001103,P3174,56,Female,Drug_15,100,As needed,176,2023-11-11,6,55,Dr. Hogan,Oncology,Chan-Perkins Pharmacy,North Lisamouth,Cigna,89.7,53.2,Yes
RX0001104,P4361,22,Male,Drug_9,100,Three times daily,310,2023-12-05,0,30,Dr. Evans,Pulmonology,Vazquez-Taylor Pharmacy,Wrightfurt,Cigna,75.01,40.5,No
RX0001105,P1598,28,Female,Drug_55,20,Three times daily,109,2025-07-27,7,31,Dr. Smith,Neurology,Mendez Inc Pharmacy,New Erikaton,Aetna,21.35,80.8,No
RX0001106,P8526,77,Female,Drug_45,10,Weekly,34,2024-05-07,3,35,Dr. King,Psychiatry,Quinn LLC Pharmacy,New Julieborough,UnitedHealth,49.86,46.9,No
RX0001107,P7350,44,Male,Drug_10,50,Weekly,90,2026-06-20,10,74,Dr. Reynolds,Pulmonology,"Park, Lynch and Scott Pharmacy",Lake Antonioton,Cigna,98.94,54.8,No
RX0001108,P9558,24,Female,Drug_45,500,Three times daily,140,2024-06-17,11,43,Dr. Guzman,Cardiology,Murray PLC Pharmacy,Lake Aliciaview,Medicare,66.15,58.3,No
RX0001109,P2897,77,Male,Drug_15,20,Three times daily,65,2025-04-23,4,57,Dr. Martin,Pulmonology,"Lane, Leonard and Gay Pharmacy",Lake Codymouth,Cigna,17.1,84.8,No
RX0001110,P1067,67,Male,Drug_20,50,Three times daily,96,2023-09-04,6,62,Dr. Tyler,Cardiology,Blackwell-Thompson Pharmacy,North James,Medicare,48.48,77.6,No
RX0001111,P6095,84,Female,Drug_9,20,As needed,76,2024-10-10,2,89,Dr. Watkins,Oncology,Henderson-Suarez Pharmacy,New Samantha,Medicaid,49.48,51.1,Yes
RX0001112,P1721,86,Female,Drug_14,200,Once daily,191,2026-03-18,8,54,Dr. Tyler,Psychiatry,Martin Group Pharmacy,South Carol,UnitedHealth,81.22,75.9,No
RX0001113,P2426,72,Male,Drug_9,100,Weekly,66,2024-06-02,8,69,Dr. Beasley,Cardiology,"Franklin, Reilly and Phillips Pharmacy",Port Kimberly,Medicare,92.04,82.5,No
RX0001114,P6460,94,Male,Drug_6,100,Twice daily,151,2025-12-03,7,47,Dr. Ramos,Pulmonology,Kim-Bridges Pharmacy,New Jared,UnitedHealth,12.81,63.3,No
RX0001115,P8649,33,Female,Drug_28,5,Three times daily,174,2025-12-07,0,75,Dr. Doyle,Oncology,Dunn Inc Pharmacy,Mossport,UnitedHealth,34.83,54.8,Yes
RX0001116,P1755,29,Female,Drug_45,10,Three times daily,72,2025-07-18,11,63,Dr. Doyle,Neurology,"Gonzalez, Stevens and Murray Pharmacy",Thompsonview,BlueCross,33.35,80.7,Yes
RX0001117,P2689,44,Male,Drug_49,100,Once daily,130,2023-12-19,11,85,Dr. Brown,Pulmonology,Martin LLC Pharmacy,South Frank,UnitedHealth,99.62,76.7,Yes
RX0001118,P9529,50,Female,Drug_51,500,Three times daily,219,2026-06-20,1,41,Dr. Hogan,Psychiatry,Sandoval Group Pharmacy,Jeffreyhaven,Medicaid,58.13,44.7,Yes
RX0001119,P6119,72,Female,Drug_8,50,Weekly,188,2024-02-24,1,56,Dr. Lopez,Oncology,Mcdonald Inc Pharmacy,Port Jaime,Medicare,88.58,80.0,Yes
RX0001120,P1368,69,Male,Drug_5,10,Three times daily,77,2024-09-05,2,53,Dr. Acosta,Pulmonology,Barnes-Stewart Pharmacy,Port Raymond,UnitedHealth,45.47,69.3,Yes
RX0001121,P6114,54,Male,Drug_2,50,Once daily,50,2023-11-27,1,62,Dr. Perry,Cardiology,"Sanchez, Johnson and Schaefer Pharmacy",West Katherine,Medicaid,73.66,85.2,Yes
RX0001122,P4438,32,Male,Drug_50,1000,As needed,346,2026-04-27,0,82,Dr. Garcia,Cardiology,Savage-Parrish Pharmacy,Cookefort,BlueCross,32.23,51.4,No
RX0001123,P6257,82,Female,Drug_31,100,Weekly,201,2024-06-19,10,44,Dr. Guzman,Cardiology,Cook-Moore Pharmacy,South Linda,Medicaid,91.62,55.5,No
RX0001124,P4285,85,Male,Drug_49,50,As needed,63,2024-08-14,4,72,Dr. Garcia,Pulmonology,Clements and Sons Pharmacy,New Tammiefort,Medicaid,48.24,72.6,No
RX0001125,P4154,20,Female,Drug_28,100,Twice daily,298,2024-06-07,5,61,Dr. Hall,Psychiatry,"Meza, Gray and Garrett Pharmacy",East Melissaburgh,Cigna,81.35,68.9,Yes
RX0001126,P5695,89,Male,Drug_3,1000,Once daily,63,2025-10-02,6,79,Dr. Hall,Cardiology,Turner and Sons Pharmacy,West Stephanie,Aetna,29.3,63.2,Yes
RX0001127,P5532,22,Female,Drug_13,200,Twice daily,177,2025-12-21,9,46,Dr. Conway,Pulmonology,"Cruz, Mckinney and Becker Pharmacy",Sarahside,Medicare,70.89,84.8,No
RX0001128,P9720,26,Male,Drug_7,20,Twice daily,306,2025-05-12,6,64,Dr. Jones,Pulmonology,Woods LLC Pharmacy,West Michael,Aetna,43.49,73.9,Yes
RX0001129,P6228,18,Female,Drug_3,50,Twice daily,324,2023-10-11,1,76,Dr. Gray,Psychiatry,Rodriguez-Bryant Pharmacy,Andrewfort,BlueCross,7.99,82.6,No
RX0001130,P8227,47,Female,Drug_51,25,Twice daily,89,2026-04-30,6,74,Dr. Conway,Oncology,Anderson-Flores Pharmacy,Nicholaston,BlueCross,44.24,49.2,No
RX0001131,P2927,88,Male,Drug_43,50,Once daily,323,2025-02-14,1,64,Dr. Powell,Oncology,"King, Jacobs and Brown Pharmacy",West Davidtown,Medicaid,57.25,83.7,No
RX0001132,P5467,37,Female,Drug_33,500,As needed,100,2026-03-31,1,42,Dr. Lee,Pulmonology,"Massey, Keller and Escobar Pharmacy",Port Lisa,Aetna,19.42,67.7,No
RX0001133,P3446,44,Male,Drug_38,100,Three times daily,273,2025-02-18,11,87,Dr. David,Oncology,Williams-Cole Pharmacy,Williamsberg,Medicare,22.47,42.0,No
RX0001134,P3580,80,Female,Drug_4,25,Twice daily,339,2024-05-08,5,38,Dr. Patterson,Neurology,"Sims, Reed and Gamble Pharmacy",Alvarezbury,Medicare,49.16,54.1,No
RX0001135,P5483,92,Female,Drug_31,50,Three times daily,167,2023-09-25,5,39,Dr. Obrien,Psychiatry,Stuart and Sons Pharmacy,Brewerton,Medicaid,37.56,41.5,Yes
RX0001136,P2875,48,Female,Drug_8,200,Three times daily,108,2025-05-07,7,30,Dr. Garcia,Pulmonology,"Turner, Liu and Hernandez Pharmacy",Davisside,Medicare,46.87,67.4,No
RX0001137,P1249,36,Female,Drug_59,500,Twice daily,118,2023-11-30,4,88,Dr. Evans,Oncology,"Hall, Bentley and Ruiz Pharmacy",West Martintown,Cigna,48.78,59.6,No
RX0001138,P9422,79,Female,Drug_17,50,Weekly,72,2025-12-19,4,63,Dr. Martin,Oncology,Morales-Hanson Pharmacy,Murphystad,Aetna,18.31,99.2,No
RX0001139,P2677,24,Other,Drug_3,10,Three times daily,116,2026-03-18,9,86,Dr. Tyler,Psychiatry,"Mcdonald, Taylor and Maynard Pharmacy",Fletchermouth,BlueCross,22.21,92.1,No
RX0001140,P4384,54,Male,Drug_5,100,Weekly,126,2025-02-27,0,75,Dr. Gray,Cardiology,Powell-Hodges Pharmacy,Matthewhaven,Medicare,85.58,89.5,No
RX0001141,P9888,88,Male,Drug_20,1000,As needed,285,2024-07-17,3,66,Dr. Perry,Oncology,Fox Inc Pharmacy,Georgestad,Medicare,20.46,70.1,No
RX0001142,P6739,93,Female,Drug_43,20,Three times daily,248,2026-02-27,0,54,Dr. Ramos,Psychiatry,Powell-Mason Pharmacy,West Williamport,Medicare,68.26,88.4,No
RX0001143,P6218,25,Female,Drug_1,200,Once daily,154,2025-08-10,9,51,Dr. Frazier,Cardiology,Duran-Wilcox Pharmacy,Lake William,Medicaid,44.76,56.0,No
RX0001144,P5440,74,Female,Drug_49,500,As needed,248,2024-11-02,4,39,Dr. Collins,Pulmonology,Hernandez-Graham Pharmacy,Amberberg,BlueCross,96.98,73.6,No
RX0001145,P3319,45,Male,Drug_7,100,As needed,228,2026-01-28,7,55,Dr. Conway,Cardiology,Wilson-Davis Pharmacy,West Randyfort,Aetna,11.28,63.6,No
RX0001146,P5641,34,Female,Drug_51,20,Weekly,277,2025-06-07,0,48,Dr. Tyler,Oncology,"Wolfe, Blair and Brown Pharmacy",Davisstad,Medicare,83.89,50.3,No
RX0001147,P5011,28,Female,Drug_8,5,Twice daily,292,2025-04-17,2,69,Dr. Miller,Pulmonology,Schneider Inc Pharmacy,Briannaburgh,Cigna,51.69,44.4,No
RX0001148,P3806,32,Male,Drug_59,20,Once daily,10,2026-08-09,0,74,Dr. Price,Pulmonology,Johnson Ltd Pharmacy,Tammyhaven,UnitedHealth,5.51,73.5,No
RX0001149,P2167,47,Male,Drug_39,100,Once daily,326,2024-02-05,5,70,Dr. Thomas,Cardiology,"Arroyo, Turner and Miller Pharmacy",Fuenteston,Medicaid,30.05,45.9,Yes
RX0001150,P6101,23,Male,Drug_14,25,Weekly,327,2025-11-28,9,79,Dr. Acosta,Pulmonology,Daniels PLC Pharmacy,North Robert,Aetna,43.73,83.1,No
RX0001151,P6549,29,Male,Drug_38,5,Weekly,14,2026-01-12,0,86,Dr. Thomas,Cardiology,"Huffman, Harris and Ayala Pharmacy",Meghanmouth,Medicare,34.85,95.3,Yes
RX0001152,P9856,78,Female,Drug_58,100,As needed,58,2024-04-15,9,33,Dr. Jones,Cardiology,Brown-Bean Pharmacy,South Jefferyburgh,Aetna,39.43,49.7,No
RX0001153,P8268,53,Female,Drug_13,5,Weekly,148,2024-01-08,11,69,Dr. Collins,Cardiology,Gonzalez Inc Pharmacy,South Katherine,Medicaid,92.08,68.3,No
RX0001154,P1831,52,Male,Drug_12,500,Twice daily,320,2025-01-02,2,34,Dr. Santiago,Psychiatry,Vasquez Inc Pharmacy,Lake James,UnitedHealth,39.29,84.3,No
RX0001155,P3131,84,Female,Drug_43,20,As needed,273,2024-05-14,4,58,Dr. Kelly,Oncology,Gregory Inc Pharmacy,South Williamport,Cigna,44.79,57.2,No
RX0001156,P1475,94,Female,Drug_23,20,As needed,321,2024-08-07,4,67,Dr. King,Pulmonology,"Dickerson, Haley and Ford Pharmacy",Smithland,Medicare,77.31,95.2,No
RX0001157,P8712,80,Male,Drug_2,5,As needed,286,2024-04-30,1,81,Dr. Wilson,Neurology,Orr LLC Pharmacy,Port Fernando,Cigna,80.41,93.3,Yes
RX0001158,P1826,57,Female,Drug_6,20,Once daily,94,2024-02-24,2,34,Dr. Kelley,Oncology,Reed-Meyer Pharmacy,Millertown,Medicaid,12.99,46.2,No
RX0001159,P2735,48,Female,Drug_10,200,Once daily,166,2023-08-23,8,89,Dr. Miller,Neurology,"Jones, Fernandez and Williams Pharmacy",Port Anthonyside,Cigna,71.89,41.6,No
RX0001160,P7284,54,Female,Drug_55,500,As needed,308,2024-01-31,0,30,Dr. Davenport,Cardiology,Friedman-Mcintyre Pharmacy,East Johnbury,Medicaid,50.84,98.6,No
RX0001161,P1881,22,Male,Drug_48,500,Twice daily,34,2024-04-13,0,57,Dr. Hernandez,Pulmonology,Rice-Carney Pharmacy,Ritterside,UnitedHealth,17.72,97.4,No
RX0001162,P2410,21,Female,Drug_18,20,Three times daily,22,2024-05-10,11,48,Dr. Hogan,Oncology,"Glenn, Watson and Holland Pharmacy",North Tracy,Cigna,30.15,65.3,No
RX0001163,P7987,43,Male,Drug_38,50,As needed,304,2026-03-12,1,65,Dr. Reynolds,Neurology,"Reed, Clark and Collins Pharmacy",East Debbieborough,Aetna,9.28,43.0,Yes
RX0001164,P7421,41,Male,Drug_23,5,Weekly,278,2024-11-15,7,30,Dr. Obrien,Neurology,"Miles, Edwards and Johnson Pharmacy",Lake Jennifer,Aetna,39.22,77.1,No
RX0001165,P3932,56,Male,Drug_23,1000,Three times daily,106,2026-02-01,5,58,Dr. Lopez,Neurology,"Costa, Wright and Lee Pharmacy",Weaverland,Medicaid,29.26,57.6,Yes
RX0001166,P8304,73,Male,Drug_11,500,Once daily,210,2026-04-30,3,80,Dr. Garcia,Oncology,Hunt-Johnson Pharmacy,West Johnstad,Aetna,41.3,96.2,Yes
RX0001167,P6826,71,Male,Drug_55,10,Once daily,196,2024-03-26,6,65,Dr. Jones,Psychiatry,Keller Ltd Pharmacy,Jesseshire,UnitedHealth,60.13,87.7,No
RX0001168,P6119,55,Male,Drug_33,5,Three times daily,40,2025-03-29,5,61,Dr. Lee,Cardiology,Spencer Inc Pharmacy,Andersonbury,Cigna,74.57,79.0,No
RX0001169,P6444,71,Female,Drug_50,25,Weekly,300,2025-04-21,8,43,Dr. Hogan,Pulmonology,"Saunders, Johnson and Brown Pharmacy",Richardsport,Cigna,62.51,57.1,Yes
RX0001170,P4246,36,Female,Drug_47,1000,Once daily,284,2026-03-29,5,61,Dr. Tyler,Neurology,Rodriguez-Gardner Pharmacy,Huntfort,Medicare,69.45,82.1,No
RX0001171,P9740,43,Male,Drug_40,500,Once daily,342,2024-08-15,1,75,Dr. Kelly,Oncology,"Burns, Smith and Christian Pharmacy",Michaeltown,Medicaid,87.24,57.4,No
RX0001172,P2286,69,Male,Drug_16,20,As needed,350,2023-09-30,2,38,Dr. Collins,Neurology,"Solis, Hernandez and Wong Pharmacy",Port Karenton,Aetna,88.01,42.3,No
RX0001173,P8629,92,Female,Drug_33,100,Twice daily,265,2024-12-17,8,48,Dr. Garcia,Oncology,Shannon LLC Pharmacy,Huntchester,UnitedHealth,86.77,70.5,No
RX0001174,P3159,78,Male,Drug_37,1000,Weekly,263,2024-12-26,6,40,Dr. Harris,Psychiatry,Banks-Jones Pharmacy,Juliamouth,Medicaid,19.55,69.3,Yes
RX0001175,P2522,84,Male,Drug_5,500,As needed,59,2024-02-24,5,77,Dr. Collins,Neurology,Higgins Ltd Pharmacy,Jessestad,Aetna,28.85,85.8,No
RX0001176,P8672,39,Female,Drug_7,50,Twice daily,198,2025-06-10,4,80,Dr. Campbell,Neurology,"Murillo, Hernandez and Dunn Pharmacy",Maxwellberg,Medicare,52.72,91.9,No
RX0001177,P2593,34,Male,Drug_53,1000,Once daily,178,2024-11-09,2,33,Dr. Guzman,Pulmonology,Rose Ltd Pharmacy,Jameschester,Cigna,39.08,61.3,No
RX0001178,P8464,28,Male,Drug_38,1000,Twice daily,53,2025-05-13,3,70,Dr. Tyler,Oncology,Schroeder Ltd Pharmacy,South Sara,Cigna,17.51,67.0,No
RX0001179,P6085,56,Male,Drug_49,20,Once daily,197,2023-11-25,0,54,Dr. Brown,Oncology,Terry LLC Pharmacy,South Lance,UnitedHealth,32.34,68.2,Yes
RX0001180,P8625,78,Male,Drug_1,500,As needed,47,2025-07-08,4,46,Dr. Doyle,Psychiatry,"Moore, Tate and Lewis Pharmacy",West Jerry,BlueCross,97.67,59.5,No
RX0001181,P8709,66,Female,Drug_34,25,Once daily,200,2025-09-26,6,76,Dr. Harris,Neurology,Greer-Martin Pharmacy,Christopherfurt,Medicaid,37.96,84.6,Yes
RX0001182,P4796,78,Male,Drug_14,200,Twice daily,72,2024-08-13,1,37,Dr. Santiago,Pulmonology,"Nolan, Price and Mckinney Pharmacy",Perezland,Aetna,44.8,71.3,No
RX0001183,P4666,29,Female,Drug_46,500,As needed,49,2023-10-02,10,87,Dr. King,Cardiology,"Wells, Watkins and Goodman Pharmacy",Morristown,BlueCross,5.61,94.8,No
RX0001184,P3354,30,Female,Drug_13,200,Twice daily,196,2024-08-17,11,74,Dr. Hernandez,Pulmonology,"Sandoval, Welch and Ramirez Pharmacy",East Keithmouth,Medicaid,73.34,79.0,No
RX0001185,P5227,75,Male,Drug_19,50,Twice daily,95,2025-12-27,7,30,Dr. Lopez,Pulmonology,"Hubbard, Turner and Becker Pharmacy",Michelleport,Aetna,44.29,52.7,Yes
RX0001186,P6954,28,Male,Drug_11,5,Three times daily,182,2023-10-19,11,31,Dr. Reynolds,Pulmonology,Nichols-Lee Pharmacy,Berrystad,Medicare,14.8,49.9,No
RX0001187,P7423,81,Female,Drug_58,500,Once daily,32,2025-06-13,9,39,Dr. Collins,Pulmonology,Torres-Dyer Pharmacy,Reidville,Medicaid,97.01,62.3,No
RX0001188,P4004,48,Female,Drug_49,50,Once daily,105,2024-05-26,5,56,Dr. Tyler,Neurology,Aguilar Group Pharmacy,Port Katherine,Aetna,78.86,60.8,Yes
RX0001189,P6412,28,Male,Drug_35,20,Twice daily,67,2024-01-07,9,82,Dr. Peterson,Pulmonology,"York, Flores and Decker Pharmacy",West Nicholasfort,Cigna,73.98,64.4,No
RX0001190,P6320,60,Male,Drug_1,10,Once daily,256,2026-02-17,2,56,Dr. Bailey,Oncology,Weaver LLC Pharmacy,Brianfurt,Medicaid,96.0,51.0,No
RX0001191,P8426,53,Female,Drug_47,20,Weekly,324,2025-02-26,1,42,Dr. Santiago,Oncology,"Parks, Taylor and Glenn Pharmacy",West Richardland,Aetna,43.71,98.7,Yes
RX0001192,P8987,19,Male,Drug_7,1000,Once daily,231,2025-02-25,7,40,Dr. Thomas,Pulmonology,"Burton, Gonzalez and Graham Pharmacy",Francisfort,UnitedHealth,73.26,48.7,Yes
RX0001193,P1495,78,Male,Drug_60,10,As needed,88,2025-08-11,3,43,Dr. Patterson,Oncology,Leach LLC Pharmacy,Annaview,Cigna,24.59,79.2,No
RX0001194,P2070,53,Male,Drug_14,5,Once daily,188,2025-01-27,6,61,Dr. Kelley,Neurology,Johnson Inc Pharmacy,Edwardsborough,Cigna,71.23,40.8,Yes
RX0001195,P8787,66,Male,Drug_59,10,Weekly,194,2025-03-12,6,45,Dr. Blevins,Cardiology,Gonzalez LLC Pharmacy,South Thomas,BlueCross,6.34,64.4,No
RX0001196,P2849,44,Male,Drug_33,10,Twice daily,50,2025-07-10,9,89,Dr. David,Pulmonology,Carr-Mccoy Pharmacy,East Kelly,Aetna,17.0,58.6,No
RX0001197,P6758,29,Male,Drug_55,50,Once daily,318,2026-08-13,8,58,Dr. Peterson,Oncology,Williams-Phillips Pharmacy,Martinmouth,BlueCross,45.4,62.9,No
RX0001198,P8842,75,Female,Drug_46,5,As needed,265,2025-06-06,9,67,Dr. Jones,Oncology,"Robinson, Jones and Merritt Pharmacy",Rasmussenview,UnitedHealth,6.15,69.9,Yes
RX0001199,P8556,23,Female,Drug_31,500,Weekly,104,2025-09-28,7,63,Dr. Hall,Neurology,Douglas-Smith Pharmacy,South Kaylaview,BlueCross,48.89,76.0,No
RX0001200,P3798,61,Male,Drug_24,10,Three times daily,359,2024-08-23,11,55,Dr. Hogan,Neurology,Palmer PLC Pharmacy,South Isabelbury,Medicare,54.67,75.0,No
RX0001201,P5624,64,Male,Drug_45,100,Twice daily,97,2024-03-24,7,34,Dr. Martin,Cardiology,"Hughes, Jackson and Dean Pharmacy",Amybury,BlueCross,64.05,77.8,No
RX0001202,P6711,40,Female,Drug_38,50,Twice daily,321,2023-09-11,6,48,Dr. Acosta,Psychiatry,Schaefer-Whitehead Pharmacy,South Laurenside,BlueCross,14.54,90.7,No
RX0001203,P3087,91,Male,Drug_12,10,Twice daily,335,2024-07-19,9,68,Dr. Ramos,Psychiatry,Gutierrez-Hernandez Pharmacy,Mitchellland,Medicare,22.2,93.2,Yes
RX0001204,P9322,93,Male,Drug_29,5,Weekly,147,2025-01-14,4,57,Dr. Harris,Psychiatry,Mccarthy-Mason Pharmacy,North Josephmouth,Medicare,63.26,84.2,No
RX0001205,P2686,43,Male,Drug_44,100,Once daily,315,2023-11-15,8,57,Dr. Reynolds,Cardiology,"Ewing, Landry and Reed Pharmacy",Lake Dianehaven,Medicaid,67.53,44.7,No
RX0001206,P7646,24,Male,Drug_7,100,Once daily,258,2024-05-23,11,46,Dr. Morris,Pulmonology,Jensen-Kim Pharmacy,Port Timothyhaven,BlueCross,7.46,97.7,No
RX0001207,P2752,49,Female,Drug_12,20,Once daily,214,2024-02-18,10,66,Dr. Hogan,Psychiatry,Campbell Inc Pharmacy,South Christinatown,Cigna,56.33,96.8,Yes
RX0001208,P6339,50,Female,Drug_54,500,Once daily,185,2024-10-09,6,73,Dr. Collins,Psychiatry,"Fitzpatrick, Bowers and Wade Pharmacy",Port Nicholas,Medicare,79.57,82.7,Yes
RX0001209,P2162,37,Male,Drug_23,1000,Twice daily,304,2025-09-04,11,48,Dr. Evans,Oncology,Johnson Ltd Pharmacy,North Jessicamouth,Aetna,11.56,71.0,No
RX0001210,P5949,86,Female,Drug_25,20,Three times daily,193,2024-11-04,10,56,Dr. Taylor,Oncology,Phillips LLC Pharmacy,East Kendraview,Medicaid,44.25,55.0,No
RX0001211,P9728,69,Male,Drug_28,1000,Twice daily,331,2024-05-14,2,79,Dr. David,Pulmonology,Werner PLC Pharmacy,West Stephaniemouth,Medicaid,36.02,85.4,No
RX0001212,P8552,59,Male,Drug_14,500,Three times daily,116,2025-07-15,11,89,Dr. Taylor,Neurology,"Peterson, Roberson and Lewis Pharmacy",Brianland,BlueCross,91.8,92.7,Yes
RX0001213,P7566,18,Male,Drug_33,50,Three times daily,225,2025-04-08,5,41,Dr. Ramos,Cardiology,Sanchez PLC Pharmacy,Hayesbury,UnitedHealth,22.65,79.9,No
RX0001214,P7773,80,Female,Drug_15,100,Once daily,354,2024-01-01,2,32,Dr. Guzman,Psychiatry,"Moore, Rose and Andrews Pharmacy",Gomezland,Cigna,35.24,77.7,No
RX0001215,P4908,24,Male,Drug_27,5,As needed,9,2026-03-26,5,87,Dr. Jones,Cardiology,Bishop-Brewer Pharmacy,North Corey,UnitedHealth,90.35,51.6,No
RX0001216,P4992,75,Male,Drug_8,50,Weekly,47,2025-04-22,7,33,Dr. Tyler,Oncology,Williams LLC Pharmacy,North Aaron,UnitedHealth,36.41,61.5,No
RX0001217,P9977,67,Male,Drug_49,200,As needed,131,2024-08-03,8,76,Dr. Guzman,Cardiology,"Wilkinson, Price and Johnson Pharmacy",Davidchester,Medicare,55.48,83.4,No
RX0001218,P3605,51,Male,Drug_21,5,Three times daily,263,2024-03-24,1,76,Dr. Jimenez,Oncology,Jones and Sons Pharmacy,Lopezburgh,Aetna,8.14,41.0,No
RX0001219,P8903,68,Female,Drug_8,1000,As needed,199,2026-01-07,5,40,Dr. Reynolds,Cardiology,Watson-Chapman Pharmacy,West Alison,BlueCross,98.57,78.5,Yes
RX0001220,P7288,27,Female,Drug_30,200,Three times daily,121,2023-11-07,2,63,Dr. Garcia,Oncology,Burns and Sons Pharmacy,North Sara,Cigna,83.37,86.0,No
RX0001221,P2082,43,Female,Drug_8,25,Twice daily,76,2025-07-16,6,47,Dr. Hernandez,Cardiology,Mitchell Group Pharmacy,Wintersville,BlueCross,65.27,60.1,Yes
RX0001222,P6582,49,Female,Drug_34,25,Twice daily,312,2025-09-02,10,64,Dr. Garcia,Psychiatry,"Cole, Curtis and Lawrence Pharmacy",New Gary,BlueCross,10.77,44.6,Yes
RX0001223,P4411,59,Female,Drug_9,200,Once daily,342,2025-04-16,3,47,Dr. Acosta,Psychiatry,"Rodriguez, Reynolds and Wilcox Pharmacy",Dodsonport,Medicaid,12.11,89.1,Yes
RX0001224,P8063,79,Male,Drug_32,100,Weekly,103,2024-10-04,4,75,Dr. Collins,Pulmonology,Burton Ltd Pharmacy,West Justin,UnitedHealth,56.77,48.5,No
RX0001225,P8132,29,Male,Drug_49,20,Twice daily,222,2025-04-04,9,35,Dr. Anderson,Cardiology,"Kennedy, Brewer and Jones Pharmacy",Ericachester,Aetna,32.08,62.2,No
RX0001226,P6606,57,Male,Drug_24,1000,Weekly,321,2025-11-30,5,63,Dr. Beasley,Neurology,Williamson PLC Pharmacy,Christopherton,Aetna,64.16,82.4,No
RX0001227,P9921,51,Male,Drug_46,100,Once daily,230,2025-10-17,10,62,Dr. Kelly,Pulmonology,Taylor PLC Pharmacy,Wrighttown,Aetna,61.83,89.0,No
RX0001228,P4869,87,Male,Drug_19,10,Weekly,336,2026-01-23,7,37,Dr. Peterson,Cardiology,Ward and Sons Pharmacy,Stonemouth,Aetna,84.67,91.7,Yes
RX0001229,P3835,44,Male,Drug_36,10,Twice daily,325,2024-07-26,1,71,Dr. Ramos,Neurology,Stevens and Sons Pharmacy,Serranoview,Medicare,31.73,71.8,No
RX0001230,P2276,25,Male,Drug_47,5,Twice daily,287,2024-01-17,3,49,Dr. Bailey,Psychiatry,Kaufman Group Pharmacy,North Edwardbury,Medicare,59.9,68.6,No
RX0001231,P8972,64,Female,Drug_3,50,As needed,339,2026-02-19,10,79,Dr. Anderson,Psychiatry,Bush LLC Pharmacy,Lake Roger,Aetna,78.85,90.9,No
RX0001232,P2873,43,Female,Drug_6,100,As needed,135,2023-11-26,3,49,Dr. Lopez,Psychiatry,"Davis, Ellis and Townsend Pharmacy",North Tylerville,Cigna,51.62,73.8,Yes
RX0001233,P8584,74,Male,Drug_21,20,As needed,105,2024-03-11,5,72,Dr. David,Neurology,Reed-Harris Pharmacy,Bradshawburgh,Medicare,83.91,74.7,No
RX0001234,P6330,24,Male,Drug_32,25,Weekly,276,2025-07-31,3,47,Dr. Perry,Oncology,Reed-Nelson Pharmacy,Maxwellchester,Medicare,17.47,66.0,No
RX0001235,P2599,43,Female,Drug_8,50,Twice daily,253,2025-06-16,10,56,Dr. Obrien,Cardiology,"Nelson, Williams and Scott Pharmacy",New Amandastad,Cigna,74.72,62.4,No
RX0001236,P8294,76,Male,Drug_25,25,Once daily,192,2026-04-22,4,77,Dr. Hogan,Pulmonology,Rasmussen-Moore Pharmacy,West Courtneychester,Aetna,94.58,68.8,No
RX0001237,P3886,86,Male,Drug_19,1000,Three times daily,250,2023-11-07,4,34,Dr. Campbell,Pulmonology,"Larsen, Sanchez and Washington Pharmacy",Port Kimberlyton,BlueCross,36.53,61.9,No
RX0001238,P6046,64,Male,Drug_30,20,Twice daily,44,2025-08-19,7,36,Dr. Patterson,Psychiatry,"Morse, Johnson and Alvarez Pharmacy",Douglasborough,Medicare,39.8,60.6,Yes
RX0001239,P7648,52,Female,Drug_39,50,As needed,263,2026-02-11,3,51,Dr. Kelly,Oncology,"Ramirez, Sanders and Perez Pharmacy",Lake Renee,BlueCross,12.94,99.6,No
RX0001240,P2140,47,Female,Drug_48,200,As needed,346,2024-11-01,11,63,Dr. Collins,Cardiology,Lee Inc Pharmacy,Port Elizabeth,BlueCross,65.94,60.2,Yes
RX0001241,P2781,67,Female,Drug_20,200,Weekly,254,2023-12-12,5,72,Dr. Brown,Cardiology,Meyer and Sons Pharmacy,Wallacemouth,Cigna,57.48,55.4,Yes
RX0001242,P7208,41,Male,Drug_44,100,As needed,139,2025-07-31,6,42,Dr. Hall,Pulmonology,Marquez Ltd Pharmacy,Port Teresabury,Aetna,8.83,61.2,Yes
RX0001243,P6364,47,Male,Drug_54,1000,Weekly,50,2025-04-07,7,81,Dr. Smith,Pulmonology,Black and Sons Pharmacy,Lake John,UnitedHealth,76.46,75.4,No
RX0001244,P9098,71,Male,Drug_29,200,Once daily,199,2025-09-18,8,61,Dr. Lee,Pulmonology,"Moore, Riddle and Howell Pharmacy",Port Davidshire,BlueCross,83.78,94.7,No
RX0001245,P2007,84,Female,Drug_15,25,As needed,63,2024-01-07,9,53,Dr. Conway,Cardiology,"Sanchez, Blevins and Ford Pharmacy",Port Michaelland,Aetna,91.18,87.3,No
RX0001246,P2483,49,Female,Drug_36,1000,Weekly,254,2024-07-21,7,89,Dr. Garcia,Pulmonology,Gross-Flores Pharmacy,Rogersside,Medicaid,56.84,90.5,Yes
RX0001247,P4565,25,Male,Drug_27,100,As needed,110,2025-03-27,3,45,Dr. Garcia,Cardiology,"Levy, Barron and Smith Pharmacy",Port Linda,UnitedHealth,48.0,91.5,Yes
RX0001248,P3276,67,Female,Drug_19,5,Weekly,51,2023-11-02,3,43,Dr. Blevins,Psychiatry,Ochoa Group Pharmacy,Millerborough,UnitedHealth,88.23,95.2,No
RX0001249,P1003,64,Male,Drug_55,1000,Twice daily,66,2025-03-19,9,68,Dr. Hogan,Oncology,Buckley-Schneider Pharmacy,Russellville,UnitedHealth,42.88,54.1,No
RX0001250,P3403,63,Female,Drug_28,200,Weekly,72,2025-01-15,10,36,Dr. Harris,Pulmonology,"Nelson, Lee and Moody Pharmacy",Donaldburgh,Aetna,67.27,67.5,No
RX0001251,P3444,52,Female,Drug_13,100,Three times daily,229,2024-01-27,4,73,Dr. Bailey,Cardiology,Turner LLC Pharmacy,Lake Samuel,Cigna,63.46,63.1,Yes
RX0001252,P8421,78,Male,Drug_55,100,Once daily,53,2023-10-15,2,41,Dr. Lee,Psychiatry,"Campbell, Charles and Lee Pharmacy",Lake Tinaside,Cigna,40.36,62.9,No
RX0001253,P9704,68,Female,Drug_5,25,Twice daily,244,2023-09-20,1,49,Dr. Garcia,Neurology,"Munoz, Lewis and Johnson Pharmacy",Port Stacey,Medicaid,13.25,79.1,No
RX0001254,P5775,80,Female,Drug_58,25,Once daily,32,2026-01-05,1,62,Dr. Wilson,Psychiatry,Daniels-Burns Pharmacy,Anthonyfort,Cigna,7.03,64.1,Yes
RX0001255,P7389,25,Male,Drug_54,20,Twice daily,313,2024-01-17,8,84,Dr. Garcia,Oncology,Hernandez LLC Pharmacy,South Lydia,Aetna,45.68,77.0,No
RX0001256,P8326,51,Female,Drug_52,500,As needed,100,2024-04-15,7,35,Dr. Harris,Psychiatry,Lewis-Russell Pharmacy,East Nathanborough,UnitedHealth,50.71,62.9,No
RX0001257,P4205,42,Female,Drug_31,500,Weekly,116,2025-11-02,5,69,Dr. Powell,Pulmonology,Barrett-Santos Pharmacy,West Kimberlymouth,Aetna,83.15,58.7,Yes
RX0001258,P4369,61,Male,Drug_44,10,As needed,267,2025-09-01,8,56,Dr. Gray,Pulmonology,"Evans, Robinson and Flowers Pharmacy",Ortizfurt,UnitedHealth,44.37,61.2,No
RX0001259,P6187,60,Female,Drug_24,50,Once daily,260,2026-01-16,4,42,Dr. Beasley,Neurology,"Black, Watson and Douglas Pharmacy",East Williamchester,Aetna,31.71,88.2,No
RX0001260,P5910,67,Female,Drug_12,1000,Once daily,301,2024-06-30,11,34,Dr. Reynolds,Cardiology,Lester-Hester Pharmacy,Thomasfort,Cigna,48.9,76.1,No
RX0001261,P5989,30,Male,Drug_1,1000,Twice daily,330,2025-04-27,9,53,Dr. Campbell,Psychiatry,Chandler-Clay Pharmacy,South Tammyport,Aetna,27.61,98.4,Yes
RX0001262,P8122,63,Male,Drug_44,200,Once daily,46,2023-10-02,0,39,Dr. Santiago,Neurology,Carr-Rodriguez Pharmacy,Port Emilyland,Medicare,13.68,90.0,No
RX0001263,P6640,93,Female,Drug_32,25,Weekly,298,2025-11-16,7,88,Dr. Miller,Pulmonology,Hall Group Pharmacy,Lake Brian,UnitedHealth,15.74,69.1,Yes
RX0001264,P2462,70,Male,Drug_44,25,Once daily,260,2024-11-14,2,75,Dr. Tyler,Cardiology,Alexander-Spence Pharmacy,Wheelermouth,UnitedHealth,35.32,54.5,No
RX0001265,P1133,80,Female,Drug_7,200,As needed,103,2023-09-23,8,85,Dr. Conway,Cardiology,Goodwin Ltd Pharmacy,East Anamouth,Medicaid,6.2,80.4,No
RX0001266,P9362,19,Male,Drug_26,20,Weekly,32,2024-02-07,10,61,Dr. Kelly,Oncology,Eaton-Solomon Pharmacy,Whitneyburgh,Medicare,25.92,83.6,No
RX0001267,P7622,57,Male,Drug_29,20,Once daily,110,2024-05-04,0,38,Dr. Collins,Pulmonology,Hobbs-Davis Pharmacy,West Kyle,Aetna,79.81,67.9,No
RX0001268,P3089,40,Male,Drug_34,50,Three times daily,109,2024-10-07,2,78,Dr. Taylor,Cardiology,Smith-Hurley Pharmacy,South Ericborough,Cigna,27.29,53.8,Yes
RX0001269,P5819,76,Female,Drug_43,100,Three times daily,81,2025-11-26,0,64,Dr. Santiago,Oncology,Mays Ltd Pharmacy,New Leslie,Medicaid,15.52,73.4,No
RX0001270,P2022,86,Female,Drug_44,500,As needed,91,2026-02-24,0,73,Dr. Beasley,Oncology,Higgins LLC Pharmacy,North Sarahside,Medicare,95.16,55.2,Yes
RX0001271,P7049,51,Male,Drug_6,5,Twice daily,220,2025-03-12,5,41,Dr. Morris,Pulmonology,Mcfarland LLC Pharmacy,New Timothy,Aetna,64.13,96.4,Yes
RX0001272,P9992,91,Male,Drug_8,200,Twice daily,119,2025-07-27,3,40,Dr. Powell,Cardiology,"Jenkins, Barron and Sutton Pharmacy",West Calvin,Cigna,10.7,77.7,No
RX0001273,P1870,44,Female,Drug_10,500,Once daily,318,2025-01-26,9,83,Dr. King,Cardiology,Stokes and Sons Pharmacy,Port Gregorychester,Aetna,10.91,57.5,No
RX0001274,P1013,72,Male,Drug_26,50,Weekly,63,2025-09-23,3,65,Dr. Garcia,Psychiatry,Martinez PLC Pharmacy,Lake Alexandrabury,UnitedHealth,63.15,52.9,No
RX0001275,P6885,21,Male,Drug_26,10,Twice daily,107,2024-03-15,4,37,Dr. Blevins,Cardiology,Oliver-Gregory Pharmacy,North Ashleyland,Medicare,56.31,83.0,No
RX0001276,P2797,85,Male,Drug_45,25,Three times daily,256,2026-02-08,2,39,Dr. Frazier,Oncology,Gonzalez and Sons Pharmacy,Jamiefort,Medicare,11.5,82.5,No
RX0001277,P5623,89,Male,Drug_38,100,Twice daily,141,2023-10-02,11,43,Dr. Morris,Neurology,Herrera-Vaughan Pharmacy,New Toddfort,Medicaid,26.31,75.8,No
RX0001278,P1510,87,Male,Drug_7,1000,Three times daily,147,2024-09-03,1,59,Dr. Bailey,Pulmonology,Arnold and Sons Pharmacy,New Annabury,Cigna,93.26,76.9,Yes
RX0001279,P4854,44,Male,Drug_48,10,Twice daily,90,2024-12-21,9,30,Dr. Hall,Neurology,Bright-Ward Pharmacy,West Kevin,BlueCross,59.34,76.2,No
RX0001280,P8073,64,Male,Drug_60,25,As needed,213,2023-10-15,7,41,Dr. Lee,Cardiology,"Reyes, Thompson and Lynch Pharmacy",Wongshire,Aetna,46.83,61.6,Yes
RX0001281,P7459,57,Female,Drug_58,50,Weekly,236,2026-04-07,10,34,Dr. Wilson,Oncology,Barnes-Thompson Pharmacy,South Michael,Cigna,28.76,96.2,Yes
RX0001282,P6212,44,Male,Drug_11,500,Once daily,362,2025-03-31,6,43,Dr. Peterson,Neurology,"Hart, Trujillo and Crosby Pharmacy",Elizabethfurt,BlueCross,17.7,68.8,Yes
RX0001283,P7271,24,Female,Drug_5,500,Three times daily,308,2025-03-22,9,65,Dr. Lopez,Pulmonology,Smith-Boyd Pharmacy,South Colleenport,Cigna,43.25,41.2,Yes
RX0001284,P7652,40,Female,Drug_24,10,Twice daily,67,2024-11-23,3,89,Dr. Conway,Psychiatry,Riley-Hernandez Pharmacy,Ramoston,Aetna,92.62,60.9,No
RX0001285,P7251,81,Male,Drug_13,100,Once daily,223,2025-05-30,1,46,Dr. Hogan,Neurology,Perry-Davis Pharmacy,Hallfurt,Aetna,9.63,47.8,No
RX0001286,P8130,46,Female,Drug_22,100,Three times daily,62,2024-12-14,11,87,Dr. Frazier,Psychiatry,Green PLC Pharmacy,New Peterborough,Medicaid,99.14,61.8,No
RX0001287,P9931,78,Male,Drug_13,50,Three times daily,35,2024-07-04,8,51,Dr. Hernandez,Cardiology,Thornton Group Pharmacy,Valenzuelaburgh,Medicare,24.74,76.5,No
RX0001288,P4460,61,Male,Drug_39,500,As needed,117,2026-07-10,7,60,Dr. Harris,Cardiology,Cummings Group Pharmacy,South Spencer,Medicare,43.83,41.4,No
RX0001289,P3841,86,Female,Drug_55,10,Twice daily,98,2025-12-28,3,55,Dr. Morris,Pulmonology,Daniels-Marshall Pharmacy,Lake Robinport,Medicare,9.28,92.2,No
RX0001290,P8780,44,Female,Drug_26,10,Once daily,148,2024-08-23,10,42,Dr. Reynolds,Psychiatry,Hernandez Ltd Pharmacy,East Robinland,Medicaid,60.55,76.6,No
RX0001291,P3278,29,Female,Drug_8,200,Twice daily,108,2023-09-10,4,32,Dr. Patterson,Psychiatry,"Reynolds, Russell and West Pharmacy",South Courtneyview,Medicare,50.94,57.7,Yes
RX0001292,P4083,34,Female,Drug_15,1000,Twice daily,77,2026-06-25,9,72,Dr. Frazier,Pulmonology,Mcclain-Baker Pharmacy,Michaelhaven,Cigna,68.34,58.7,Yes
RX0001293,P7301,54,Male,Drug_54,20,Weekly,19,2024-09-14,5,40,Dr. King,Neurology,Cross-Mitchell Pharmacy,Donnafort,Medicare,56.55,67.9,No
RX0001294,P6902,51,Male,Drug_28,200,Three times daily,163,2025-12-17,3,34,Dr. Doyle,Pulmonology,Kirk PLC Pharmacy,Lisafurt,Medicare,42.83,54.9,No
RX0001295,P7835,53,Male,Drug_47,20,Three times daily,87,2025-10-15,1,67,Dr. Price,Cardiology,"Moore, Mcgrath and Cabrera Pharmacy",New Bryanville,UnitedHealth,75.09,40.3,Yes
RX0001296,P3527,23,Female,Drug_32,100,Weekly,106,2024-03-24,4,33,Dr. Collins,Psychiatry,Rowe and Sons Pharmacy,Morganmouth,Aetna,7.38,41.6,No
RX0001297,P5726,49,Female,Drug_18,20,Weekly,89,2025-03-25,10,61,Dr. Ramos,Oncology,Riley-Bullock Pharmacy,South Stephanie,Medicaid,56.4,61.5,No
RX0001298,P3056,90,Female,Drug_49,5,Twice daily,224,2025-11-02,0,39,Dr. Jimenez,Oncology,"Miller, Brown and Merritt Pharmacy",Elizabethborough,Medicaid,15.82,47.5,Yes
RX0001299,P3200,39,Male,Drug_46,100,Three times daily,243,2024-08-05,6,39,Dr. Campbell,Cardiology,Hess LLC Pharmacy,New Crystalside,Medicare,46.42,41.3,No
RX0001300,P1190,27,Male,Drug_50,20,Once daily,131,2025-08-10,8,73,Dr. Guzman,Psychiatry,Soto-Brooks Pharmacy,West Ashleyberg,UnitedHealth,80.16,91.6,No
RX0001301,P2175,46,Female,Drug_38,5,As needed,207,2026-07-02,2,83,Dr. Anderson,Psychiatry,Phillips-Walker Pharmacy,North Clarence,BlueCross,18.53,56.4,Yes
RX0001302,P1257,28,Female,Drug_38,50,Weekly,8,2024-02-11,5,84,Dr. Davenport,Pulmonology,Wilson and Sons Pharmacy,Vanessamouth,Aetna,93.9,70.2,No
RX0001303,P3359,83,Male,Drug_18,500,Once daily,68,2025-06-29,8,47,Dr. Powell,Neurology,Griffin-Mitchell Pharmacy,West Sheilachester,Medicare,89.41,50.8,No
RX0001304,P8974,73,Male,Drug_49,500,Once daily,26,2024-01-18,10,76,Dr. Powell,Pulmonology,Casey-Weaver Pharmacy,West Jessica,BlueCross,44.42,42.8,No
RX0001305,P8155,75,Male,Drug_51,500,Twice daily,216,2025-03-20,3,84,Dr. Collins,Oncology,Macias-Kramer Pharmacy,Port Seanview,Cigna,5.57,84.7,Yes
RX0001306,P3224,69,Male,Drug_52,20,Weekly,352,2023-10-27,5,52,Dr. Smith,Psychiatry,"Thompson, Tran and Anderson Pharmacy",South Davidville,UnitedHealth,80.03,47.5,No
RX0001307,P2387,78,Female,Drug_42,500,Once daily,186,2025-10-17,2,47,Dr. Patterson,Neurology,Williams-Sanchez Pharmacy,Emilychester,UnitedHealth,88.69,41.5,Yes
RX0001308,P3248,34,Female,Drug_26,25,As needed,68,2026-07-24,8,64,Dr. Gray,Pulmonology,Calhoun and Sons Pharmacy,Megantown,Aetna,21.6,75.2,Yes
RX0001309,P7813,47,Female,Drug_23,500,Once daily,279,2025-04-11,6,32,Dr. Conway,Neurology,Johnson-Kelley Pharmacy,Seanbury,UnitedHealth,92.04,40.8,No
RX0001310,P8471,89,Male,Drug_31,20,As needed,301,2026-05-07,6,30,Dr. Reynolds,Oncology,"Woods, Brown and Charles Pharmacy",New Amberborough,Medicaid,91.84,66.2,No
RX0001311,P7974,54,Male,Drug_43,20,As needed,247,2025-04-14,3,46,Dr. Santiago,Neurology,"Lang, Conley and Moore Pharmacy",Eatonview,BlueCross,49.77,57.3,No
RX0001312,P3945,22,Male,Drug_39,5,As needed,257,2025-11-03,5,71,Dr. Martinez,Psychiatry,Miles-Davenport Pharmacy,Wendyport,Medicare,80.81,59.2,No
RX0001313,P8444,43,Female,Drug_26,500,Weekly,16,2024-04-12,10,88,Dr. Taylor,Neurology,Turner-Price Pharmacy,Ballview,BlueCross,47.27,40.2,No
RX0001314,P9346,87,Female,Drug_32,500,As needed,193,2026-07-26,10,35,Dr. Collins,Neurology,Moreno Group Pharmacy,Port Allen,Medicaid,58.58,97.9,No
RX0001315,P7948,18,Male,Drug_33,1000,Weekly,116,2025-02-17,7,86,Dr. Acosta,Pulmonology,"Prince, Rocha and Blevins Pharmacy",North Loritown,Cigna,35.38,71.0,Yes
RX0001316,P8373,26,Male,Drug_18,100,Once daily,34,2024-12-20,5,86,Dr. Martin,Neurology,Franklin-Mccullough Pharmacy,South Michelle,BlueCross,20.15,74.4,No
RX0001317,P7303,88,Male,Drug_10,10,As needed,67,2024-07-22,5,40,Dr. Ramos,Neurology,Hansen Group Pharmacy,New Luisshire,Medicare,75.92,80.0,No
RX0001318,P6821,81,Male,Drug_50,5,Three times daily,64,2026-06-23,3,43,Dr. Jones,Oncology,"Nelson, Lucas and Meadows Pharmacy",Garzaview,BlueCross,5.13,87.9,Yes
RX0001319,P4698,41,Female,Drug_30,500,Once daily,306,2023-12-22,7,78,Dr. Martinez,Neurology,"Washington, Cherry and Warren Pharmacy",Paynefurt,UnitedHealth,60.06,76.5,No
RX0001320,P4044,22,Female,Drug_7,25,Three times daily,345,2025-12-29,9,57,Dr. Bailey,Pulmonology,Clark-Woods Pharmacy,Williamsfurt,Cigna,87.15,85.7,No
RX0001321,P7959,68,Male,Drug_8,200,Three times daily,258,2025-05-04,7,68,Dr. Collins,Pulmonology,Bailey-Rowe Pharmacy,Gardnerville,BlueCross,26.02,66.9,Yes
RX0001322,P1121,55,Female,Drug_17,25,Twice daily,262,2026-08-01,8,83,Dr. Lopez,Psychiatry,"Ross, Soto and Mcmahon Pharmacy",Angelatown,Cigna,36.63,62.3,Yes
RX0001323,P9161,46,Female,Drug_32,5,Weekly,151,2025-06-11,5,65,Dr. Kelly,Oncology,"Cummings, Garcia and Edwards Pharmacy",Michaelfurt,Cigna,60.81,89.4,No
RX0001324,P4878,63,Male,Drug_32,500,Twice daily,85,2025-02-05,1,40,Dr. Gray,Cardiology,"Jenkins, Thompson and Butler Pharmacy",Lake Joseborough,Aetna,28.45,91.9,No
RX0001325,P9220,69,Male,Drug_15,1000,Weekly,347,2024-04-26,3,80,Dr. Ramos,Psychiatry,Beck LLC Pharmacy,Smithview,Aetna,85.51,48.3,Yes
RX0001326,P5411,63,Female,Drug_41,1000,Twice daily,300,2024-12-05,3,70,Dr. Hernandez,Neurology,"King, Jones and Brown Pharmacy",Lake Danashire,Medicare,39.83,72.6,No
RX0001327,P7731,92,Female,Drug_9,1000,Once daily,292,2025-06-04,7,87,Dr. Hogan,Oncology,Lynch LLC Pharmacy,Miguelview,Medicare,60.25,81.0,No
RX0001328,P9948,85,Male,Drug_2,25,Three times daily,294,2025-07-19,4,82,Dr. Kelly,Psychiatry,Patterson LLC Pharmacy,Port Matthewfort,Medicare,26.48,45.0,No
RX0001329,P7012,76,Female,Drug_7,1000,Once daily,220,2026-03-20,3,69,Dr. Hall,Pulmonology,"Long, Curry and Lee Pharmacy",Zamorafurt,Cigna,8.93,95.8,No
RX0001330,P1548,27,Male,Drug_48,25,Weekly,26,2024-07-07,7,81,Dr. Collins,Oncology,Sutton Inc Pharmacy,Powellstad,Cigna,21.5,71.2,No
RX0001331,P1620,21,Female,Drug_4,10,Three times daily,364,2026-02-21,2,33,Dr. Collins,Oncology,Johnson LLC Pharmacy,Tranborough,Aetna,9.39,78.7,No
RX0001332,P8917,69,Female,Drug_54,20,Three times daily,236,2025-11-21,1,77,Dr. Watkins,Neurology,Durham LLC Pharmacy,Morrismouth,UnitedHealth,49.52,50.7,No
RX0001333,P7038,91,Female,Drug_5,10,Weekly,70,2023-10-23,3,35,Dr. Hogan,Oncology,"Banks, Lowe and Maddox Pharmacy",New Ashley,Cigna,60.73,55.9,Yes
RX0001334,P2854,35,Female,Drug_32,5,Once daily,42,2024-09-11,10,67,Dr. Diaz,Oncology,Jacobson-Zhang Pharmacy,Port Joseph,Aetna,9.24,47.3,Yes
RX0001335,P8889,93,Male,Drug_44,100,Three times daily,217,2023-10-02,0,48,Dr. Brown,Cardiology,Robinson Ltd Pharmacy,New Crystalfort,BlueCross,13.6,55.8,No
RX0001336,P2311,68,Female,Drug_2,25,Once daily,177,2025-05-05,0,60,Dr. Taylor,Neurology,Yang PLC Pharmacy,New Michael,Medicare,51.12,69.5,No
RX0001337,P3327,40,Female,Drug_12,200,Once daily,32,2026-01-04,4,31,Dr. Obrien,Oncology,Mcdaniel-Anderson Pharmacy,Sandersbury,Medicare,80.92,90.0,Yes
RX0001338,P9624,42,Female,Drug_25,200,Once daily,269,2025-08-04,10,72,Dr. Peterson,Oncology,Macias-Hurst Pharmacy,Thompsonberg,Medicaid,64.66,72.0,No
RX0001339,P5578,77,Female,Drug_39,5,Three times daily,296,2026-02-12,0,54,Dr. Hernandez,Cardiology,Hardy LLC Pharmacy,Laurenport,UnitedHealth,14.95,54.7,No
RX0001340,P8617,54,Female,Drug_44,1000,As needed,170,2026-04-01,3,79,Dr. Kelly,Cardiology,"Norris, James and Webster Pharmacy",Melissaburgh,Aetna,89.32,42.7,No
RX0001341,P9469,85,Male,Drug_21,500,Twice daily,68,2025-04-19,7,70,Dr. Frazier,Pulmonology,"Galvan, Smith and Hale Pharmacy",East Daniel,Medicaid,92.16,77.3,Yes
RX0001342,P2281,94,Male,Drug_10,5,Weekly,92,2026-03-26,7,89,Dr. Evans,Neurology,Miller-Sanders Pharmacy,South Emmaland,Medicare,35.87,65.2,No
RX0001343,P9574,35,Female,Drug_20,500,Once daily,79,2024-03-04,1,77,Dr. Hall,Cardiology,Fletcher-Rodriguez Pharmacy,Thomastown,Medicaid,63.52,99.1,Yes
RX0001344,P2449,46,Female,Drug_40,50,Three times daily,66,2023-11-05,2,40,Dr. King,Oncology,Cole-Thomas Pharmacy,East Michelle,BlueCross,51.77,86.8,No
RX0001345,P5017,47,Female,Drug_40,5,Weekly,326,2024-06-28,2,75,Dr. Reynolds,Cardiology,"Cooke, Yu and Pierce Pharmacy",South Robertfurt,Medicaid,94.49,88.5,No
RX0001346,P8740,24,Female,Drug_7,25,As needed,184,2024-10-25,0,69,Dr. Conway,Psychiatry,Haney PLC Pharmacy,East Shannon,BlueCross,53.33,40.7,No
RX0001347,P2279,58,Female,Drug_49,200,As needed,58,2025-08-16,10,88,Dr. Campbell,Pulmonology,Moreno PLC Pharmacy,North Melindaland,Medicare,96.2,86.7,Yes
RX0001348,P9834,91,Female,Drug_5,50,Three times daily,151,2026-02-09,2,74,Dr. Beasley,Pulmonology,Anderson-Barr Pharmacy,Michellebury,Cigna,23.94,51.7,No
RX0001349,P6119,54,Male,Drug_43,20,Once daily,322,2026-07-31,7,71,Dr. Brown,Neurology,Clayton-Hill Pharmacy,Smithfurt,Aetna,37.83,75.1,Yes
RX0001350,P1864,44,Female,Drug_49,25,As needed,83,2023-10-06,5,84,Dr. Doyle,Pulmonology,"Barnett, Yoder and Williams Pharmacy",Villegashaven,Medicaid,79.23,66.8,No
RX0001351,P6628,38,Male,Drug_34,10,As needed,125,2024-05-15,4,73,Dr. Acosta,Neurology,Arnold-Tyler Pharmacy,Lake Leahton,UnitedHealth,79.44,74.3,No
RX0001352,P9765,60,Male,Drug_50,500,As needed,215,2026-01-30,9,50,Dr. Ramos,Psychiatry,Bowers-Gutierrez Pharmacy,North Samantha,BlueCross,74.56,48.0,No
RX0001353,P1176,68,Male,Drug_32,10,Three times daily,188,2023-09-06,11,32,Dr. Morris,Oncology,Collins and Sons Pharmacy,Lake Kyleburgh,UnitedHealth,86.66,67.4,No
RX0001354,P8681,88,Male,Drug_51,100,Weekly,144,2026-06-17,8,31,Dr. Davenport,Psychiatry,Allen and Sons Pharmacy,Port Davidland,Medicare,71.74,42.2,No
RX0001355,P8438,30,Male,Drug_30,200,Twice daily,131,2025-05-18,6,40,Dr. Martinez,Neurology,Griffin-James Pharmacy,Lyonsport,UnitedHealth,65.43,42.5,Yes
RX0001356,P9399,70,Male,Drug_13,200,Three times daily,159,2024-09-20,5,53,Dr. Martin,Neurology,"Wagner, Smith and Green Pharmacy",New Brianshire,UnitedHealth,48.6,79.5,Yes
RX0001357,P8687,80,Male,Drug_19,5,Once daily,24,2024-06-30,4,79,Dr. Beasley,Neurology,Scott and Sons Pharmacy,South Peterland,Medicare,49.37,97.1,No
RX0001358,P6431,74,Male,Drug_43,500,Three times daily,70,2025-08-11,4,53,Dr. Harris,Oncology,"Taylor, Reyes and Salas Pharmacy",Evansfort,Cigna,43.59,86.6,Yes
RX0001359,P7897,42,Male,Drug_32,1000,Three times daily,242,2026-03-06,9,50,Dr. Obrien,Neurology,Howell-Rowe Pharmacy,Floresside,UnitedHealth,63.92,68.1,Yes
RX0001360,P6782,30,Female,Drug_32,200,Twice daily,85,2026-05-02,8,54,Dr. Ramos,Psychiatry,"Turner, Sanchez and Stone Pharmacy",Ericton,UnitedHealth,43.63,43.4,No
RX0001361,P5827,54,Female,Drug_33,500,Twice daily,65,2025-12-21,9,33,Dr. Garcia,Oncology,"Ward, Thompson and Hendrix Pharmacy",Lake Christina,UnitedHealth,19.01,42.7,No
RX0001362,P5738,47,Female,Drug_17,25,Twice daily,257,2024-07-04,5,69,Dr. Hogan,Psychiatry,"Mejia, Miller and Patterson Pharmacy",Krausebury,Medicare,15.12,49.5,Yes
RX0001363,P3744,29,Male,Drug_35,500,Weekly,320,2025-10-05,11,72,Dr. Santiago,Oncology,Henderson Inc Pharmacy,North Melvin,UnitedHealth,92.82,98.5,No
RX0001364,P1578,82,Female,Drug_22,20,Three times daily,67,2025-02-08,10,76,Dr. Obrien,Neurology,Thompson LLC Pharmacy,East Jamie,Medicare,7.35,63.9,No
RX0001365,P5981,35,Male,Drug_52,5,Once daily,124,2025-08-03,3,52,Dr. Wilson,Oncology,Christensen Inc Pharmacy,Josephhaven,Cigna,15.02,90.6,No
RX0001366,P5267,79,Male,Drug_56,500,Twice daily,85,2025-01-23,3,89,Dr. Price,Cardiology,Dalton LLC Pharmacy,East Michael,Medicare,47.3,82.3,Yes
RX0001367,P2006,41,Female,Drug_35,100,Twice daily,243,2025-12-22,11,53,Dr. Gray,Psychiatry,"Marshall, Conrad and Harrison Pharmacy",Mitchellville,UnitedHealth,29.98,76.3,No
RX0001368,P8752,77,Female,Drug_35,1000,Three times daily,333,2024-11-14,3,50,Dr. Anderson,Cardiology,"Roman, Marshall and Wright Pharmacy",Dunlapbury,BlueCross,43.56,96.9,No
RX0001369,P3770,34,Female,Drug_2,20,Once daily,177,2026-02-21,10,31,Dr. Doyle,Cardiology,Robinson Ltd Pharmacy,Johnfort,UnitedHealth,16.16,53.8,No
RX0001370,P1845,77,Female,Drug_49,500,Twice daily,250,2025-07-21,5,52,Dr. Lee,Neurology,"Mitchell, Johnson and Rivas Pharmacy",Kellerton,Medicaid,17.44,67.3,No
RX0001371,P5780,26,Male,Drug_3,1000,Three times daily,214,2024-07-27,0,80,Dr. Hogan,Neurology,Osborn Inc Pharmacy,North Rebeccahaven,Medicaid,81.06,91.9,No
RX0001372,P1447,69,Female,Drug_28,1000,As needed,350,2023-08-29,8,44,Dr. Blevins,Cardiology,"Ward, Snyder and Avila Pharmacy",North Pamela,BlueCross,77.12,73.1,No
RX0001373,P5699,32,Female,Drug_57,200,Weekly,93,2024-09-30,1,87,Dr. Doyle,Oncology,Sanders-Alexander Pharmacy,West Isaac,Medicaid,14.9,54.8,Yes
RX0001374,P8942,94,Female,Drug_59,20,Three times daily,145,2024-09-05,1,55,Dr. Reynolds,Neurology,Velazquez Group Pharmacy,Patelmouth,UnitedHealth,68.44,52.5,Yes
RX0001375,P2351,45,Female,Drug_8,20,Twice daily,94,2025-01-08,4,55,Dr. Lee,Psychiatry,"Garcia, Burns and Smith Pharmacy",West John,Medicare,62.88,85.2,No
RX0001376,P3077,26,Male,Drug_25,10,Once daily,139,2025-03-12,11,57,Dr. Tyler,Cardiology,Morris-Delacruz Pharmacy,East Jessicashire,UnitedHealth,72.77,40.8,Yes
RX0001377,P9283,73,Male,Drug_29,5,As needed,45,2023-09-19,11,88,Dr. Doyle,Psychiatry,Black Inc Pharmacy,North Angela,Medicaid,50.07,94.9,Yes
RX0001378,P2259,92,Male,Drug_21,10,Once daily,182,2026-05-15,10,55,Dr. Martinez,Psychiatry,Williams Group Pharmacy,West Angelaburgh,Medicaid,30.65,41.1,No
RX0001379,P5552,53,Male,Drug_55,50,Once daily,86,2026-05-31,3,74,Dr. Brown,Psychiatry,Davies and Sons Pharmacy,Edwardsfurt,Medicare,68.05,77.9,No
RX0001380,P5129,73,Male,Drug_25,5,Once daily,26,2024-04-03,2,31,Dr. Diaz,Cardiology,Greene LLC Pharmacy,Christensenmouth,Medicaid,40.28,76.3,Yes
RX0001381,P3171,88,Male,Drug_29,25,Three times daily,227,2023-12-08,4,64,Dr. Garcia,Pulmonology,"Mejia, Barker and Kidd Pharmacy",New Johnville,Medicare,25.8,74.7,No
RX0001382,P5603,37,Female,Drug_30,5,Three times daily,343,2025-08-28,6,61,Dr. Powell,Neurology,Hardin-Rivera Pharmacy,Evanton,Cigna,43.82,68.5,No
RX0001383,P5509,72,Female,Drug_3,500,Weekly,281,2024-06-22,9,59,Dr. David,Psychiatry,Davis PLC Pharmacy,Kristenshire,UnitedHealth,77.51,91.1,No
RX0001384,P5209,77,Female,Drug_3,50,As needed,194,2023-08-31,1,75,Dr. Wilson,Cardiology,Martinez Group Pharmacy,Lake Amandabury,Cigna,50.2,79.6,No
RX0001385,P1232,52,Male,Drug_12,25,Once daily,160,2025-05-15,5,49,Dr. Smith,Pulmonology,"Duran, Harrison and Jimenez Pharmacy",New Jennifer,Medicaid,33.49,86.9,No
RX0001386,P2827,91,Male,Drug_36,20,Twice daily,149,2025-01-24,3,87,Dr. Jimenez,Cardiology,"Baker, Gilmore and Williams Pharmacy",Lake Kristinville,Cigna,84.03,46.9,No
RX0001387,P3860,18,Female,Drug_43,1000,Once daily,257,2025-11-07,1,42,Dr. Blevins,Neurology,"Holmes, Newman and Graham Pharmacy",North Melissaport,Medicaid,88.76,43.0,No
RX0001388,P3476,62,Male,Drug_56,100,As needed,218,2024-01-30,0,56,Dr. Garcia,Cardiology,Mccormick Inc Pharmacy,Port Samanthabury,Cigna,46.16,41.7,No
RX0001389,P8317,86,Female,Drug_50,5,Once daily,155,2024-11-08,7,52,Dr. Doyle,Oncology,"Valenzuela, Bowman and Ware Pharmacy",Markhaven,Medicaid,40.6,48.8,No
RX0001390,P7058,57,Female,Drug_20,500,Three times daily,181,2024-09-23,4,87,Dr. Santiago,Oncology,Hernandez LLC Pharmacy,Port Timothy,Aetna,63.21,80.0,No
RX0001391,P3873,55,Male,Drug_57,10,Three times daily,178,2024-02-29,9,45,Dr. Kelly,Psychiatry,Jefferson Inc Pharmacy,Lake Joseph,UnitedHealth,10.51,69.6,No
RX0001392,P5280,41,Female,Drug_46,1000,As needed,140,2026-01-08,1,60,Dr. Price,Cardiology,Petersen LLC Pharmacy,North Carriebury,BlueCross,70.68,85.1,No
RX0001393,P4869,21,Male,Drug_11,200,Weekly,122,2025-10-07,7,41,Dr. Thomas,Cardiology,Bryant-Nguyen Pharmacy,Michaelside,UnitedHealth,79.32,51.5,Yes
RX0001394,P8944,86,Female,Drug_32,20,Once daily,363,2024-01-26,2,62,Dr. Price,Psychiatry,Newman-Morgan Pharmacy,Lake Jeanetteview,Cigna,42.76,62.0,No
RX0001395,P3962,30,Male,Drug_28,25,As needed,209,2026-05-02,6,67,Dr. Miller,Psychiatry,"Moore, Carter and Bennett Pharmacy",New Moniqueview,Medicare,21.59,93.3,Yes
RX0001396,P9640,38,Male,Drug_9,20,Twice daily,301,2026-07-06,1,74,Dr. Price,Pulmonology,White-Hobbs Pharmacy,West Jessicaton,BlueCross,7.74,96.1,No
RX0001397,P1542,49,Female,Drug_20,100,Twice daily,152,2025-03-24,6,61,Dr. Obrien,Cardiology,Martinez-Pena Pharmacy,Sharonmouth,Medicaid,65.54,95.3,Yes
RX0001398,P6617,55,Female,Drug_46,1000,Weekly,244,2023-11-13,3,83,Dr. Perry,Neurology,Johnson-Holmes Pharmacy,North Donaldmouth,BlueCross,30.55,89.1,No
RX0001399,P2382,49,Female,Drug_25,1000,Three times daily,234,2025-03-22,9,85,Dr. Kelly,Neurology,Smith Group Pharmacy,Andresburgh,Medicare,49.07,81.3,No
RX0001400,P3376,74,Male,Drug_32,5,As needed,261,2025-03-08,0,31,Dr. Campbell,Neurology,"Williams, Beck and Hill Pharmacy",Clarkland,Medicare,41.7,94.8,No
RX0001401,P3525,65,Female,Drug_49,100,Once daily,298,2025-08-30,4,79,Dr. Bailey,Psychiatry,Kelley-Gilmore Pharmacy,Charlesmouth,UnitedHealth,21.61,82.9,Yes
RX0001402,P9125,47,Female,Drug_8,5,As needed,162,2026-01-04,11,78,Dr. Smith,Psychiatry,Lowe-Garza Pharmacy,Simmonshaven,Medicaid,53.3,97.2,No
RX0001403,P7765,88,Female,Drug_37,25,Weekly,345,2025-01-06,11,80,Dr. Garcia,Psychiatry,Adams Inc Pharmacy,West Biancaborough,UnitedHealth,48.66,41.5,No
RX0001404,P7277,55,Female,Drug_44,200,As needed,356,2025-02-21,3,52,Dr. Davenport,Neurology,Bauer Group Pharmacy,Port Malik,Cigna,64.29,95.3,No
RX0001405,P4898,61,Female,Drug_32,25,Weekly,249,2026-02-23,7,61,Dr. Thomas,Pulmonology,Richard-Meyer Pharmacy,South Brookestad,Cigna,28.93,73.3,No
RX0001406,P8211,43,Female,Drug_43,1000,Weekly,213,2023-08-18,0,44,Dr. Smith,Oncology,"Pruitt, Johnson and Reynolds Pharmacy",Port Jay,Aetna,25.39,46.7,No
RX0001407,P3740,19,Female,Drug_36,50,Weekly,260,2026-04-23,1,69,Dr. Perry,Cardiology,"Moss, Webster and Hansen Pharmacy",Taylorside,UnitedHealth,82.36,52.9,Yes
RX0001408,P4454,60,Male,Drug_44,1000,As needed,264,2025-03-20,4,84,Dr. Santiago,Oncology,Tanner-Vincent Pharmacy,Port Martintown,Medicare,71.71,91.1,No
RX0001409,P6653,60,Male,Drug_35,5,Twice daily,79,2026-02-26,9,70,Dr. Reynolds,Cardiology,Peterson and Sons Pharmacy,West Ashley,Aetna,78.36,70.4,No
RX0001410,P1890,80,Female,Drug_37,25,Once daily,41,2026-04-21,9,69,Dr. Frazier,Psychiatry,Berry LLC Pharmacy,Port Stephanie,Medicare,16.71,99.0,Yes
RX0001411,P5331,90,Female,Drug_31,200,Weekly,135,2026-02-16,11,37,Dr. Brown,Neurology,"Turner, Smith and Torres Pharmacy",East Jameston,Aetna,26.28,47.1,No
RX0001412,P2900,75,Female,Drug_31,10,Three times daily,194,2024-04-29,1,72,Dr. Frazier,Oncology,"Park, Garcia and Jones Pharmacy",Harrellbury,UnitedHealth,59.68,64.8,No
RX0001413,P1860,65,Male,Drug_36,1000,Weekly,325,2026-01-24,10,79,Dr. Thomas,Psychiatry,Robles Ltd Pharmacy,West Debra,Cigna,86.43,59.9,No
RX0001414,P3745,22,Male,Drug_55,20,As needed,101,2026-04-27,0,78,Dr. Conway,Cardiology,Medina Group Pharmacy,Lake Alexa,Medicare,89.75,71.0,Yes
RX0001415,P8602,93,Male,Drug_11,25,Weekly,226,2026-03-16,5,51,Dr. Blevins,Oncology,Jackson-Watts Pharmacy,North Jerryborough,UnitedHealth,84.03,78.0,No
RX0001416,P7533,52,Male,Drug_33,25,Three times daily,307,2025-11-29,11,84,Dr. Obrien,Oncology,Lawrence-Love Pharmacy,Brownburgh,UnitedHealth,9.12,79.7,No
RX0001417,P8802,33,Female,Drug_4,500,Twice daily,131,2024-03-06,11,67,Dr. Evans,Oncology,Green-Butler Pharmacy,Johnsonstad,Cigna,82.98,40.1,No
RX0001418,P5937,66,Female,Drug_26,10,As needed,191,2024-09-28,9,84,Dr. Gray,Oncology,Jones Inc Pharmacy,New Donald,BlueCross,90.41,45.3,No
RX0001419,P8803,77,Male,Drug_17,50,As needed,43,2025-04-24,3,85,Dr. Morris,Oncology,Ramos LLC Pharmacy,North Corey,Cigna,10.39,42.1,No
RX0001420,P9724,68,Female,Drug_32,10,As needed,269,2023-10-28,4,63,Dr. Bailey,Psychiatry,Carter PLC Pharmacy,Lake Jeffreyborough,Medicare,44.55,91.9,No
RX0001421,P4828,76,Male,Drug_38,100,Three times daily,116,2025-07-03,2,30,Dr. Lee,Cardiology,Golden Inc Pharmacy,Lake Peter,BlueCross,55.98,58.8,No
RX0001422,P7222,81,Other,Drug_25,1000,As needed,184,2024-11-06,9,39,Dr. Peterson,Cardiology,Ortiz Inc Pharmacy,Lake Daniel,Aetna,27.11,62.0,No
RX0001423,P7390,30,Female,Drug_40,1000,Twice daily,148,2026-04-12,5,69,Dr. Watkins,Pulmonology,Olson-Harris Pharmacy,Hammondton,Medicaid,54.09,67.0,No
RX0001424,P8775,43,Male,Drug_44,5,Once daily,140,2025-02-17,3,45,Dr. Peterson,Neurology,Fritz Ltd Pharmacy,West Annetteview,Medicare,89.17,91.0,Yes
RX0001425,P5302,87,Other,Drug_23,25,Once daily,155,2023-08-20,5,53,Dr. Reynolds,Oncology,"Rodgers, Navarro and Lambert Pharmacy",South Sherry,Medicaid,87.36,40.8,No
RX0001426,P3378,20,Female,Drug_50,25,Weekly,294,2025-01-16,4,75,Dr. Hogan,Cardiology,Barton PLC Pharmacy,West Victoriabury,Medicaid,94.28,47.1,No
RX0001427,P9690,29,Male,Drug_19,5,Once daily,264,2024-10-14,10,53,Dr. David,Neurology,Jones Group Pharmacy,Port Troy,BlueCross,50.99,81.1,No
RX0001428,P8122,58,Female,Drug_21,10,Three times daily,45,2025-08-17,1,77,Dr. Doyle,Neurology,Mcdonald PLC Pharmacy,Jacobmouth,Aetna,44.0,97.8,No
RX0001429,P1194,82,Male,Drug_4,100,Once daily,311,2025-11-13,3,43,Dr. Price,Psychiatry,Bauer Group Pharmacy,Teresamouth,Cigna,68.25,78.6,Yes
RX0001430,P5731,80,Female,Drug_2,20,Three times daily,289,2025-05-19,1,55,Dr. Campbell,Oncology,Hicks Inc Pharmacy,East Amanda,BlueCross,44.59,55.7,No
RX0001431,P8353,67,Female,Drug_38,1000,Three times daily,318,2025-09-23,4,68,Dr. Guzman,Pulmonology,Kennedy LLC Pharmacy,Jamiemouth,Aetna,8.98,71.2,No
RX0001432,P7258,64,Female,Drug_3,20,Weekly,20,2024-04-23,2,47,Dr. Acosta,Neurology,Webb-Collins Pharmacy,Lake Brian,Cigna,73.39,98.5,Yes
RX0001433,P6172,25,Male,Drug_9,20,Once daily,287,2026-05-09,5,49,Dr. Campbell,Psychiatry,Johnson PLC Pharmacy,Davidhaven,Cigna,31.69,71.7,No
RX0001434,P9687,48,Male,Drug_54,1000,Weekly,59,2026-03-04,10,70,Dr. Anderson,Oncology,Leblanc LLC Pharmacy,New Christine,Aetna,9.66,62.4,No
RX0001435,P1672,28,Male,Drug_24,20,As needed,17,2025-04-30,4,85,Dr. Garcia,Cardiology,Taylor PLC Pharmacy,South Bobbymouth,Cigna,6.96,63.0,Yes
RX0001436,P2595,34,Male,Drug_23,100,Twice daily,169,2026-02-20,1,65,Dr. Frazier,Pulmonology,Brown-Gonzalez Pharmacy,East Mikaylastad,Medicare,93.48,98.0,No
RX0001437,P9704,44,Male,Drug_52,100,Once daily,189,2025-03-02,9,53,Dr. Ramos,Oncology,Myers-Cervantes Pharmacy,Lake Tammybury,Medicare,28.95,83.1,No
RX0001438,P6797,44,Female,Drug_48,5,As needed,192,2024-08-23,10,55,Dr. Perry,Psychiatry,"Sherman, Long and Green Pharmacy",Port Jacquelineport,BlueCross,47.55,81.2,Yes
RX0001439,P8074,73,Female,Drug_38,200,As needed,43,2025-01-16,7,58,Dr. Harris,Psychiatry,"Davis, Hale and Orozco Pharmacy",Lake Shawnfurt,Cigna,95.3,53.9,No
RX0001440,P5466,86,Female,Drug_2,1000,Weekly,15,2025-01-09,5,77,Dr. Thomas,Psychiatry,"Gray, Potter and Erickson Pharmacy",New Michael,Cigna,49.41,73.6,No
RX0001441,P6488,64,Male,Drug_49,1000,Weekly,34,2026-02-04,8,51,Dr. King,Psychiatry,"Noble, Mitchell and Edwards Pharmacy",North Jeffrey,Aetna,12.47,61.4,Yes
RX0001442,P5429,36,Male,Drug_58,1000,Twice daily,317,2024-05-04,2,40,Dr. Watkins,Psychiatry,Smith Inc Pharmacy,Dawnland,Medicare,57.43,54.4,Yes
RX0001443,P5375,74,Male,Drug_41,10,Twice daily,180,2024-05-28,10,70,Dr. Thomas,Pulmonology,Cordova-Dunn Pharmacy,North Anthony,Medicaid,13.38,93.7,No
RX0001444,P2610,48,Male,Drug_22,5,Twice daily,133,2024-04-28,3,78,Dr. Patterson,Neurology,Santiago Inc Pharmacy,Braunton,BlueCross,14.03,63.0,No
RX0001445,P5183,33,Male,Drug_25,100,Twice daily,76,2026-05-08,10,83,Dr. Lopez,Neurology,Smith PLC Pharmacy,Kennethside,UnitedHealth,85.89,57.0,No
RX0001446,P7408,62,Male,Drug_7,100,Weekly,289,2025-11-29,7,40,Dr. Jones,Cardiology,Fuller Inc Pharmacy,Santiagomouth,Medicare,32.5,95.9,No
RX0001447,P8554,44,Female,Drug_28,25,Three times daily,272,2024-10-03,6,81,Dr. Powell,Neurology,Acosta-Rivera Pharmacy,North Williamborough,Aetna,69.47,51.8,No
RX0001448,P4961,78,Female,Drug_23,500,Weekly,157,2023-09-14,7,32,Dr. King,Psychiatry,Trujillo Inc Pharmacy,Lisaland,BlueCross,53.35,84.7,No
RX0001449,P4193,43,Male,Drug_23,50,Three times daily,155,2025-04-16,8,50,Dr. Jones,Neurology,"Stewart, Gonzalez and Ortiz Pharmacy",West Jeffmouth,Medicaid,26.12,79.2,No
RX0001450,P9518,46,Female,Drug_27,200,Weekly,224,2024-08-07,7,87,Dr. Evans,Neurology,Singleton-Branch Pharmacy,Benjaminshire,UnitedHealth,54.19,95.2,No
RX0001451,P6528,61,Male,Drug_23,1000,Weekly,132,2026-07-13,7,40,Dr. Guzman,Psychiatry,Ross-Robinson Pharmacy,Lake Kathy,BlueCross,11.55,89.9,No
RX0001452,P3947,46,Female,Drug_4,5,Twice daily,9,2025-10-12,5,37,Dr. Lee,Pulmonology,"Martinez, Joseph and Guerrero Pharmacy",Lake Anthonyhaven,Medicare,37.99,82.3,No
RX0001453,P6132,19,Male,Drug_43,1000,Three times daily,193,2024-12-11,10,60,Dr. Acosta,Psychiatry,Gonzales Inc Pharmacy,Nathanburgh,Medicaid,54.67,58.9,No
RX0001454,P9972,23,Male,Drug_16,25,As needed,49,2025-03-01,1,88,Dr. David,Neurology,Lynn-Washington Pharmacy,North Donald,UnitedHealth,26.7,69.7,Yes
RX0001455,P1173,26,Male,Drug_16,200,As needed,105,2023-10-08,11,39,Dr. Smith,Neurology,Greene Group Pharmacy,Wernerport,Aetna,67.72,96.7,Yes
RX0001456,P1138,32,Male,Drug_16,25,As needed,269,2026-07-25,6,35,Dr. Anderson,Cardiology,"Morales, Middleton and Noble Pharmacy",East Charlesland,BlueCross,9.92,41.4,Yes
RX0001457,P2113,75,Female,Drug_42,25,Twice daily,196,2024-12-30,3,46,Dr. Powell,Psychiatry,Robinson and Sons Pharmacy,East Sheila,Medicare,51.06,87.7,No
RX0001458,P1195,19,Other,Drug_20,25,As needed,48,2025-07-30,2,67,Dr. Acosta,Cardiology,Summers-Rodriguez Pharmacy,South Anthonybury,Aetna,72.92,55.1,Yes
RX0001459,P7737,20,Female,Drug_38,100,Weekly,103,2025-04-16,3,36,Dr. Perry,Cardiology,"Phillips, Fisher and Nguyen Pharmacy",Stephenmouth,Medicaid,45.84,51.1,Yes
RX0001460,P2600,69,Male,Drug_6,50,Twice daily,266,2023-11-23,3,61,Dr. Patterson,Oncology,Medina LLC Pharmacy,Brittanyfurt,BlueCross,88.09,53.9,No
RX0001461,P9605,72,Female,Drug_59,10,As needed,224,2025-06-07,2,42,Dr. King,Cardiology,Hamilton-Higgins Pharmacy,Staffordberg,Cigna,65.06,43.6,Yes
RX0001462,P2702,70,Female,Drug_45,1000,Twice daily,142,2026-08-07,8,35,Dr. Price,Neurology,"Martinez, Mckenzie and Hall Pharmacy",Crystaltown,Medicare,96.06,99.5,Yes
RX0001463,P8306,89,Female,Drug_5,100,Weekly,346,2024-04-23,2,32,Dr. Powell,Neurology,"Carlson, Jimenez and Brown Pharmacy",Lake Nicolehaven,Medicare,31.99,92.2,No
RX0001464,P6759,57,Female,Drug_56,100,Twice daily,151,2025-07-04,1,56,Dr. Harris,Oncology,"Velazquez, Skinner and Martinez Pharmacy",Peterberg,Cigna,94.18,71.3,No
RX0001465,P4594,56,Female,Drug_20,1000,As needed,11,2024-05-29,0,86,Dr. Collins,Oncology,"Flores, Briggs and Becker Pharmacy",Matthewsberg,Aetna,62.65,82.9,Yes
RX0001466,P5641,60,Female,Drug_8,5,Twice daily,142,2024-05-15,10,74,Dr. Harris,Psychiatry,Drake Ltd Pharmacy,Colemanshire,Medicare,75.79,73.4,No
RX0001467,P5127,30,Female,Drug_22,200,Once daily,13,2024-07-31,0,71,Dr. Harris,Oncology,Martinez-Lee Pharmacy,Janetstad,Aetna,90.71,88.7,No
RX0001468,P4163,54,Male,Drug_11,20,As needed,43,2026-06-14,4,55,Dr. Conway,Pulmonology,"Morales, Smith and Nash Pharmacy",North Jenniferside,Medicaid,57.36,90.7,No
RX0001469,P1557,72,Male,Drug_2,25,Weekly,317,2025-03-24,11,33,Dr. Jimenez,Neurology,Armstrong-Payne Pharmacy,Colonshire,Cigna,86.91,54.0,No
RX0001470,P1388,49,Female,Drug_35,5,Three times daily,73,2023-09-19,11,66,Dr. Miller,Neurology,Wilson-Woods Pharmacy,North Melaniestad,Aetna,56.46,67.6,Yes
RX0001471,P2506,31,Female,Drug_21,20,Twice daily,331,2024-10-20,4,50,Dr. Ramos,Oncology,"Shaw, Dixon and Graham Pharmacy",Donnahaven,Medicaid,61.92,78.1,No
RX0001472,P1931,82,Male,Drug_3,200,Twice daily,11,2024-08-17,11,80,Dr. Peterson,Oncology,"Rasmussen, Short and Davidson Pharmacy",East Jamesview,BlueCross,47.28,98.7,No
RX0001473,P4552,44,Female,Drug_30,100,As needed,279,2026-08-08,8,57,Dr. Collins,Neurology,"Ray, Woods and Gill Pharmacy",East Jonathan,Medicare,18.84,81.0,No
RX0001474,P2995,41,Male,Drug_43,5,As needed,64,2026-05-12,3,47,Dr. Beasley,Oncology,"Adams, Wright and Terry Pharmacy",Lake Jesse,Cigna,57.58,93.9,No
RX0001475,P2965,39,Male,Drug_56,1000,Once daily,161,2026-03-29,4,85,Dr. Hogan,Psychiatry,"Shah, Williams and Brown Pharmacy",Smithfurt,BlueCross,97.86,90.8,No
RX0001476,P2415,62,Male,Drug_28,25,Weekly,119,2025-08-25,5,61,Dr. Lopez,Oncology,"Griffin, Olson and Murphy Pharmacy",Millerview,BlueCross,79.78,74.9,No
RX0001477,P3128,25,Female,Drug_37,200,Twice daily,98,2023-10-30,9,68,Dr. Guzman,Oncology,"Finley, Scott and Pope Pharmacy",Port Scott,BlueCross,76.01,93.6,No
RX0001478,P7159,84,Male,Drug_33,25,Twice daily,330,2026-07-28,6,82,Dr. Kelley,Psychiatry,Peters-Pope Pharmacy,Phillipsville,Aetna,66.11,62.6,No
RX0001479,P4027,81,Male,Drug_58,200,Three times daily,250,2024-05-23,8,62,Dr. Martinez,Psychiatry,White PLC Pharmacy,Charlesberg,Medicare,38.05,62.8,No
RX0001480,P2816,64,Male,Drug_27,50,Twice daily,290,2025-03-27,5,55,Dr. Beasley,Psychiatry,"Garcia, Leblanc and Coleman Pharmacy",Lyonsfort,Cigna,21.11,86.9,No
RX0001481,P4018,38,Female,Drug_18,5,Twice daily,95,2023-08-25,0,46,Dr. Doyle,Neurology,Pratt Group Pharmacy,Samuelborough,UnitedHealth,26.33,48.1,Yes
RX0001482,P5150,49,Female,Drug_2,25,Once daily,184,2024-08-09,7,85,Dr. Blevins,Oncology,Wheeler Inc Pharmacy,New Paul,UnitedHealth,5.6,58.3,No
RX0001483,P5826,62,Male,Drug_45,20,Three times daily,234,2025-03-13,1,81,Dr. Martinez,Psychiatry,Ross-Rivera Pharmacy,North Sarah,Medicare,68.98,76.5,Yes
RX0001484,P8650,61,Female,Drug_31,100,Twice daily,73,2023-10-29,8,58,Dr. Conway,Psychiatry,"Browning, Martinez and Frederick Pharmacy",Port Davidmouth,Medicare,82.13,65.2,No
RX0001485,P2240,58,Female,Drug_38,100,Twice daily,128,2023-10-14,10,49,Dr. Smith,Neurology,"Johnson, Campbell and Nelson Pharmacy",Port John,Medicare,30.55,96.4,Yes
RX0001486,P8429,69,Male,Drug_2,5,Weekly,165,2025-11-22,6,59,Dr. Garcia,Pulmonology,"Snyder, Lopez and Hale Pharmacy",Lynnstad,Medicaid,13.73,97.5,Yes
RX0001487,P5528,28,Female,Drug_21,10,Twice daily,363,2023-11-30,6,86,Dr. Price,Oncology,Scott-Proctor Pharmacy,New Kerrybury,Medicaid,36.89,70.2,No
RX0001488,P7995,35,Male,Drug_25,10,Once daily,274,2025-07-17,9,79,Dr. Price,Pulmonology,Kennedy Inc Pharmacy,Margaretton,Medicaid,32.74,72.3,Yes
RX0001489,P6298,28,Male,Drug_37,25,Twice daily,189,2025-05-27,9,34,Dr. Tyler,Pulmonology,Murray-Ramirez Pharmacy,West Daniel,Medicaid,47.83,83.5,Yes
RX0001490,P5216,44,Female,Drug_25,1000,Twice daily,363,2023-12-23,11,83,Dr. Doyle,Psychiatry,Wilson-Lawson Pharmacy,West Brian,Medicare,30.09,67.4,No
RX0001491,P3653,60,Female,Drug_21,10,As needed,10,2024-04-13,4,35,Dr. Gray,Neurology,Johnson Group Pharmacy,Dwaynebury,Medicare,37.27,51.4,No
RX0001492,P2212,82,Male,Drug_37,500,Twice daily,127,2025-03-28,7,71,Dr. Blevins,Oncology,Crawford Ltd Pharmacy,West Brandon,UnitedHealth,91.22,84.8,No
RX0001493,P5543,71,Male,Drug_7,5,Three times daily,236,2024-08-15,9,89,Dr. Tyler,Oncology,"Robbins, Hoffman and Johnson Pharmacy",New Anneside,Cigna,36.81,84.3,No
RX0001494,P2022,46,Female,Drug_52,500,As needed,304,2026-01-12,0,80,Dr. Campbell,Oncology,"Boyd, Kelly and Campbell Pharmacy",Port Christopher,UnitedHealth,79.62,54.7,Yes
RX0001495,P7271,38,Female,Drug_32,20,Three times daily,225,2024-08-22,2,39,Dr. Kelley,Pulmonology,Davis PLC Pharmacy,West Sarah,UnitedHealth,64.45,90.0,No
RX0001496,P7366,46,Male,Drug_7,50,Three times daily,188,2023-12-11,8,35,Dr. Thomas,Cardiology,Coleman LLC Pharmacy,West Manuel,Cigna,37.07,76.8,No
RX0001497,P6450,26,Female,Drug_45,5,Once daily,284,2025-07-11,0,39,Dr. Peterson,Neurology,"Smith, Murphy and Cooper Pharmacy",East John,Cigna,82.69,54.2,No
RX0001498,P1984,78,Male,Drug_44,5,Twice daily,263,2025-06-08,10,71,Dr. Powell,Cardiology,Bird-Jensen Pharmacy,South Judyshire,UnitedHealth,61.53,79.1,No
RX0001499,P5230,79,Male,Drug_14,100,Three times daily,310,2025-09-15,7,50,Dr. David,Pulmonology,Sexton and Sons Pharmacy,Haleburgh,UnitedHealth,5.82,54.0,No
RX0001500,P5336,88,Female,Drug_22,20,Twice daily,49,2026-01-14,5,73,Dr. Hernandez,Psychiatry,Miller-Byrd Pharmacy,South Jessica,UnitedHealth,11.53,55.9,No
